source,source_id,listing_url,image_url,image_tag,image_path,image_sha256
suumo,20018936,https://suumo.jp/ms/chuko/tokyo/sc_minato/nc_20018936/,https://suumo.jp/front/edit/fguide/047110028/img/01_a.jpg,living,suumo_images_interior/20018936/68c96b872acd2c28.jpg,3af0967a0a7952176e571aa0b4855548736c1018d483e003ccbbb27ef8151496
suumo,20018936,https://suumo.jp/ms/chuko/tokyo/sc_minato/nc_20018936/,https://suumo.jp/front/edit/fguide/047110028/img/03_a.jpg,living,suumo_images_interior/20018936/7f859c34605d3f21.jpg,fa230b4849879be9c32344df4e4bc6d0d2c11a6dcf0412eb6d58019069c5ff7d
suumo,20018936,https://suumo.jp/ms/chuko/tokyo/sc_minato/nc_20018936/,https://suumo.jp/front/edit/fguide/047110028/img/03_b.jpg,living,suumo_images_interior/20018936/dabbea9d82a60437.jpg,cb36c86f2c703cbe5aa2082e58a0c61f74b9ec2b760f2d9ae0df4896a0896a51
suumo,20018936,https://suumo.jp/ms/chuko/tokyo/sc_minato/nc_20018936/,https://suumo.jp/front/edit/fguide/047110028/img/05_c.jpg,living,suumo_images_interior/20018936/9154a24db2fdf7aa.jpg,1c4c3fc0aba9fcab8ace7886a14145857f8b5082cd5967bdc023f54781dfec34
suumo,20018936,https://suumo.jp/ms/chuko/tokyo/sc_minato/nc_20018936/,https://suumo.jp/front/edit/fguide/047110028/img/07_a.jpg,living,suumo_images_interior/20018936/692c47ae530226e0.jpg,0f9ae02a86df603724f443080e1639ba0064709a8344256b3f3c1b59f2757c5a
suumo,20018936,https://suumo.jp/ms/chuko/tokyo/sc_minato/nc_20018936/,https://suumo.jp/front/edit/fguide/047110028/img/08_a.jpg,living,suumo_images_interior/20018936/f4363d92d5375b66.jpg,b6917a54366bf1549a9e575457d6a074465fe8822f00f54a891d22f37bd9a8a9
suumo,20018936,https://suumo.jp/ms/chuko/tokyo/sc_minato/nc_20018936/,https://suumo.jp/front/gazo/bukken/030/N010000/img/936/20018936/20018936_0005.jpg,bathroom,suumo_images_interior/20018936/9aaa416f2cbd794f.jpg,9a9f2b143f5715008c17b8b3196544b84ce81e0937438d400f679657302a190e
suumo,20018936,https://suumo.jp/ms/chuko/tokyo/sc_minato/nc_20018936/,https://suumo.jp/front/gazo/bukken/030/N010000/img/936/20018936/20018936_0006.jpg,interior,suumo_images_interior/20018936/883bf21126336343.jpg,02b658d1885ea07da04b3ede7fd680e59895864aae0d13ee8dec160e291bd4f7
suumo,20018936,https://suumo.jp/ms/chuko/tokyo/sc_minato/nc_20018936/,https://suumo.jp/front/gazo/bukken/030/N010000/img/936/20018936/20018936_0007.jpg,storage,suumo_images_interior/20018936/3c1a6e3287496c3d.jpg,d8b591c084170140af0b389f90c545fcbe9752df4728ad547fe17cb07d71f9f5
suumo,20025032,https://suumo.jp/ms/chuko/tokyo/sc_minato/nc_20025032/,https://suumo.jp/front/gazo/bukken/030/N010000/img/032/20025032/20025032_0002.jpg,other_room,suumo_images_interior/20025032/3933eea1d56b44e0.jpg,6ebc622be937fe3c6d20f536bf4fc317f53c36bf67802b1b62c025b6a9afd316
suumo,20025032,https://suumo.jp/ms/chuko/tokyo/sc_minato/nc_20025032/,https://suumo.jp/front/gazo/bukken/030/N010000/img/032/20025032/20025032_0003.jpg,other_room,suumo_images_interior/20025032/f0bd1dbdf399972a.jpg,341b7025d43f0b4b8d983fe2076aafbe01b5beb4314886af96c0bf01021c4151
suumo,20025032,https://suumo.jp/ms/chuko/tokyo/sc_minato/nc_20025032/,https://suumo.jp/front/gazo/bukken/030/N010000/img/032/20025032/20025032_0004.jpg,other_room,suumo_images_interior/20025032/3208f7b4fc18ddc9.jpg,2ff4a4932f7a703416a2d42ce4d151870181df93c9da549b239bbc1913f13cc8
suumo,20025032,https://suumo.jp/ms/chuko/tokyo/sc_minato/nc_20025032/,https://suumo.jp/front/gazo/bukken/030/N010000/img/032/20025032/20025032_0005.jpg,kitchen,suumo_images_interior/20025032/b787839d437f6a98.jpg,1faacd7082615da8df494ed9b4d570702cafe619c03e8b91ea4d560d674fd346
suumo,20025032,https://suumo.jp/ms/chuko/tokyo/sc_minato/nc_20025032/,https://suumo.jp/front/gazo/bukken/030/N010000/img/032/20025032/20025032_0035.jpg,entrance,suumo_images_interior/20025032/845a26dc8e8e7fc7.jpg,9b892a9c040081dfd52f569163580699f24b48c6d7357d9f094834453018d726
suumo,20025032,https://suumo.jp/ms/chuko/tokyo/sc_minato/nc_20025032/,https://suumo.jp/front/gazo/bukken/030/N010000/img/032/20025032/20025032_0036.jpg,kitchen,suumo_images_interior/20025032/18bc60201fb075b4.jpg,fff32c8793d5fb2ed738d23af016dbe3916c9eb3f2384ef89d3e118761887fc8
suumo,20025032,https://suumo.jp/ms/chuko/tokyo/sc_minato/nc_20025032/,https://suumo.jp/front/gazo/bukken/030/N010000/img/032/20025032/20025032_0037.jpg,bathroom,suumo_images_interior/20025032/4d1648cd2df44908.jpg,8821868bb57c77e336e199378f49c6471a323c7419d8fe3e188c15e1742caa4e
suumo,20025032,https://suumo.jp/ms/chuko/tokyo/sc_minato/nc_20025032/,https://suumo.jp/front/gazo/bukken/030/N010000/img/032/20025032/20025032_0038.jpg,toilet,suumo_images_interior/20025032/6025bb5fcbce5dcc.jpg,3ccd988f54e14110739bd20874fb81b9cdaa077b95d9ba98b26711ce0ca0d99c
suumo,20133639,https://suumo.jp/ms/chuko/tokyo/sc_minato/nc_20133639/,https://suumo.jp/front/edit/fguide/047110028/img/01_a.jpg,living,suumo_images_interior/20133639/68c96b872acd2c28.jpg,3af0967a0a7952176e571aa0b4855548736c1018d483e003ccbbb27ef8151496
suumo,20133639,https://suumo.jp/ms/chuko/tokyo/sc_minato/nc_20133639/,https://suumo.jp/front/edit/fguide/047110028/img/03_a.jpg,living,suumo_images_interior/20133639/7f859c34605d3f21.jpg,fa230b4849879be9c32344df4e4bc6d0d2c11a6dcf0412eb6d58019069c5ff7d
suumo,20133639,https://suumo.jp/ms/chuko/tokyo/sc_minato/nc_20133639/,https://suumo.jp/front/edit/fguide/047110028/img/03_b.jpg,living,suumo_images_interior/20133639/dabbea9d82a60437.jpg,cb36c86f2c703cbe5aa2082e58a0c61f74b9ec2b760f2d9ae0df4896a0896a51
suumo,20133639,https://suumo.jp/ms/chuko/tokyo/sc_minato/nc_20133639/,https://suumo.jp/front/edit/fguide/047110028/img/05_c.jpg,living,suumo_images_interior/20133639/9154a24db2fdf7aa.jpg,1c4c3fc0aba9fcab8ace7886a14145857f8b5082cd5967bdc023f54781dfec34
suumo,20133639,https://suumo.jp/ms/chuko/tokyo/sc_minato/nc_20133639/,https://suumo.jp/front/edit/fguide/047110028/img/07_a.jpg,living,suumo_images_interior/20133639/692c47ae530226e0.jpg,0f9ae02a86df603724f443080e1639ba0064709a8344256b3f3c1b59f2757c5a
suumo,20133639,https://suumo.jp/ms/chuko/tokyo/sc_minato/nc_20133639/,https://suumo.jp/front/edit/fguide/047110028/img/08_a.jpg,living,suumo_images_interior/20133639/f4363d92d5375b66.jpg,b6917a54366bf1549a9e575457d6a074465fe8822f00f54a891d22f37bd9a8a9
suumo,20133639,https://suumo.jp/ms/chuko/tokyo/sc_minato/nc_20133639/,https://suumo.jp/front/gazo/bukken/030/N010000/img/639/20133639/20133639_0020.jpg,living,suumo_images_interior/20133639/b1766237fb37f442.jpg,328a4823ef30042f91074c1665635723de9d0751029d8605bfb2b3ff942d76f7
suumo,20133639,https://suumo.jp/ms/chuko/tokyo/sc_minato/nc_20133639/,https://suumo.jp/front/gazo/bukken/030/N010000/img/639/20133639/20133639_0022.jpg,living,suumo_images_interior/20133639/6075a6956e4964dc.jpg,f8775fe0d82c3010a1802c10abd12c54849ecb62c554e4e7d8089790c909dc4a
suumo,20133639,https://suumo.jp/ms/chuko/tokyo/sc_minato/nc_20133639/,https://suumo.jp/front/gazo/bukken/030/N010000/img/639/20133639/20133639_0024.jpg,entrance,suumo_images_interior/20133639/fb5cf55352dca740.jpg,3361055717a478a107ea2e11854c912d4711e46f31a6357e3054d15609340d09
suumo,20133639,https://suumo.jp/ms/chuko/tokyo/sc_minato/nc_20133639/,https://suumo.jp/front/gazo/bukken/030/N010000/img/639/20133639/20133639_0025.jpg,kitchen,suumo_images_interior/20133639/402cdd4f399aeb54.jpg,1ac88f499b99ccc9658aa7956e0786561cb2bae7dab3c128a66de004de404e71
suumo,20133639,https://suumo.jp/ms/chuko/tokyo/sc_minato/nc_20133639/,https://suumo.jp/front/gazo/bukken/030/N010000/img/639/20133639/20133639_0026.jpg,bathroom,suumo_images_interior/20133639/851ee695e6a6a8e6.jpg,88f13cb4b9f3bfc93597d5fb0cd6eefaf618df1990e9ddf678259cbb7aa335a5
suumo,20133639,https://suumo.jp/ms/chuko/tokyo/sc_minato/nc_20133639/,https://suumo.jp/front/gazo/bukken/030/N010000/img/639/20133639/20133639_0027.jpg,washroom,suumo_images_interior/20133639/242ad178f0fbf387.jpg,65201279eef7213ddc15e50d1c043cf877be602065981b286cdbdcd445d6a56b
suumo,20133639,https://suumo.jp/ms/chuko/tokyo/sc_minato/nc_20133639/,https://suumo.jp/front/gazo/bukken/030/N010000/img/639/20133639/20133639_0028.jpg,living,suumo_images_interior/20133639/e9ff72173c0a1cd3.jpg,8890408cebb1d84ee9f4f03cb60b46f966186cc3976792ddb078464a4c6fbc9a
suumo,20133639,https://suumo.jp/ms/chuko/tokyo/sc_minato/nc_20133639/,https://suumo.jp/front/gazo/bukken/030/N010000/img/639/20133639/20133639_0029.jpg,other_room,suumo_images_interior/20133639/b4c3a83ad5f8d8f7.jpg,d0131312c48aeff68c515dd1099b19e5dcf3ab65f12a6ada4c2b33ca5aa971e9
suumo,20133639,https://suumo.jp/ms/chuko/tokyo/sc_minato/nc_20133639/,https://suumo.jp/front/gazo/bukken/030/N010000/img/639/20133639/20133639_0030.jpg,other_room,suumo_images_interior/20133639/0fd236d988c92237.jpg,6ca6481d5237d6653a31e4fcd3b92af11c39d869e1c5eece0dd5336ebf21b4fe
suumo,20133639,https://suumo.jp/ms/chuko/tokyo/sc_minato/nc_20133639/,https://suumo.jp/front/gazo/bukken/030/N010000/img/639/20133639/20133639_0031.jpg,storage,suumo_images_interior/20133639/571c4aec5e5141fd.jpg,1e7f0516e96a2abfd5144c4d8fdd30ab58661fbed2d3731a6d6a2b527deb5c50
suumo,20133639,https://suumo.jp/ms/chuko/tokyo/sc_minato/nc_20133639/,https://suumo.jp/front/gazo/bukken/030/N010000/img/639/20133639/20133639_0032.jpg,storage,suumo_images_interior/20133639/c4526b1fbe0cc0c9.jpg,95b0b75db08ad6a838c9446e9bffc4f06f94ac7cc1f721dc57060a71db2e5301
suumo,20133639,https://suumo.jp/ms/chuko/tokyo/sc_minato/nc_20133639/,https://suumo.jp/front/gazo/bukken/030/N010000/img/639/20133639/20133639_0033.jpg,storage,suumo_images_interior/20133639/408c96d66b6c2d1b.jpg,a4f2cfc54f109930a5d43500aa87ec8bb41fc7926307b6261093f4432c5d84bd
suumo,20133639,https://suumo.jp/ms/chuko/tokyo/sc_minato/nc_20133639/,https://suumo.jp/front/gazo/bukken/030/N010000/img/639/20133639/20133639_0034.jpg,interior,suumo_images_interior/20133639/7c5997ad201c8584.jpg,91f6f94710c4bb6738bca3b00e8501b4cd0e914c562048b8fb60735b8263b62f
suumo,20133639,https://suumo.jp/ms/chuko/tokyo/sc_minato/nc_20133639/,https://suumo.jp/front/gazo/bukken/030/N010000/img/639/20133639/20133639_0035.jpg,toilet,suumo_images_interior/20133639/93f632140de90344.jpg,1745c8b7e66e6ea1298a828399ff760c951529364d31d7f06811dfe52544e6fb
suumo,20133639,https://suumo.jp/ms/chuko/tokyo/sc_minato/nc_20133639/,https://suumo.jp/front/gazo/bukken/030/N010000/img/639/20133639/20133639_0046.jpg,living,suumo_images_interior/20133639/1c4f2c4310493e19.jpg,216a6647e8c55f0ba1f90d2b61b4bfc50ba2393c376e8a49190f641195541e95
suumo,20133639,https://suumo.jp/ms/chuko/tokyo/sc_minato/nc_20133639/,https://suumo.jp/front/gazo/bukken/030/N010000/img/639/20133639/20133639_0048.jpg,bathroom,suumo_images_interior/20133639/3aa2e3f9c6cfb858.jpg,9a9f2b143f5715008c17b8b3196544b84ce81e0937438d400f679657302a190e
suumo,20140453,https://suumo.jp/ms/chuko/tokyo/sc_minato/nc_20140453/,https://suumo.jp/front/edit/fguide/190189001/img/06_b.jpg,entrance,suumo_images_interior/20140453/c6ea4bf9c7c9cf5b.jpg,fa366b227dc5d40ae4639202140f576ba4163b34bef7644db81a6892c6919ccb
suumo,20140453,https://suumo.jp/ms/chuko/tokyo/sc_minato/nc_20140453/,https://suumo.jp/front/gazo/bukken/030/N010000/img/453/20140453/20140453_0005.jpg,living,suumo_images_interior/20140453/955ed8c1d2607ac4.jpg,f7c5ac57b1cf21a911285cbef950080bee22e17efa3eebe0d5ec2c4ec22eb3ce
suumo,20140453,https://suumo.jp/ms/chuko/tokyo/sc_minato/nc_20140453/,https://suumo.jp/front/gazo/bukken/030/N010000/img/453/20140453/20140453_0006.jpg,living,suumo_images_interior/20140453/a3eeee82c9df508c.jpg,6ad6f77b42f23ee170d4e2283e3d22f1477327ce5a3383d5a0aabe06ee3757b2
suumo,20140453,https://suumo.jp/ms/chuko/tokyo/sc_minato/nc_20140453/,https://suumo.jp/front/gazo/bukken/030/N010000/img/453/20140453/20140453_0007.jpg,living,suumo_images_interior/20140453/b847d2fad6626641.jpg,c35327417f2e71934ea8246450c300ad40ae5362ebb13d5a376b3246b18cfd46
suumo,20140453,https://suumo.jp/ms/chuko/tokyo/sc_minato/nc_20140453/,https://suumo.jp/front/gazo/bukken/030/N010000/img/453/20140453/20140453_0008.jpg,living,suumo_images_interior/20140453/f7e8109f10a5a3a5.jpg,d1516d7ccee5694dcaba12b0fc6e35b35532b1d0933e8370af5cb689472b4a34
suumo,20140453,https://suumo.jp/ms/chuko/tokyo/sc_minato/nc_20140453/,https://suumo.jp/front/gazo/bukken/030/N010000/img/453/20140453/20140453_0009.jpg,living,suumo_images_interior/20140453/ec712acf823d97f0.jpg,5ee71f5b7b50445283e32377f7a5265a6d29d9eccafed31c3b61b78d68e240de
suumo,20140453,https://suumo.jp/ms/chuko/tokyo/sc_minato/nc_20140453/,https://suumo.jp/front/gazo/bukken/030/N010000/img/453/20140453/20140453_0010.jpg,living,suumo_images_interior/20140453/4658808ce6b40865.jpg,6baaef1233df919dd917b6a30d6088de748d91224d923b207dee951a606586ee
suumo,20140453,https://suumo.jp/ms/chuko/tokyo/sc_minato/nc_20140453/,https://suumo.jp/front/gazo/bukken/030/N010000/img/453/20140453/20140453_0011.jpg,living,suumo_images_interior/20140453/14dbbbd4c4f9b656.jpg,c1200e39c941734187004364f7141888896a0f589ae3519a385ee4b8cf611029
suumo,20140453,https://suumo.jp/ms/chuko/tokyo/sc_minato/nc_20140453/,https://suumo.jp/front/gazo/bukken/030/N010000/img/453/20140453/20140453_0012.jpg,other_room,suumo_images_interior/20140453/2be4872e54dd748f.jpg,9e36c93056aa59ab75d5e1b7b6b43c72e55a17125d7335a8d94c09a37de602ca
suumo,20140453,https://suumo.jp/ms/chuko/tokyo/sc_minato/nc_20140453/,https://suumo.jp/front/gazo/bukken/030/N010000/img/453/20140453/20140453_0013.jpg,kitchen,suumo_images_interior/20140453/0cecdb82d6d22afd.jpg,fb0b5b9476f73dbf1355a231f01568302cd2c0470626d235005ea366f04e29fd
suumo,20140453,https://suumo.jp/ms/chuko/tokyo/sc_minato/nc_20140453/,https://suumo.jp/front/gazo/bukken/030/N010000/img/453/20140453/20140453_0014.jpg,bathroom,suumo_images_interior/20140453/65721bab44dcc82f.jpg,d7e90a8d2b36c79c6d41348ae4542914663b3eb23c54870bfd2e35286e373166
suumo,20140453,https://suumo.jp/ms/chuko/tokyo/sc_minato/nc_20140453/,https://suumo.jp/front/gazo/bukken/030/N010000/img/453/20140453/20140453_0015.jpg,storage,suumo_images_interior/20140453/ef13c026855de885.jpg,0a0bd12052c88450bc32a4ab01e7b3584874c4a6cc5d609cee58aceeff0867d8
suumo,20140453,https://suumo.jp/ms/chuko/tokyo/sc_minato/nc_20140453/,https://suumo.jp/front/gazo/bukken/030/N010000/img/453/20140453/20140453_0016.jpg,entrance,suumo_images_interior/20140453/86c3e115d07252d6.jpg,7d73514d0d0665f1c251e5d6e24ca8e90af72985b5a884feba3ccf9201255ee5
suumo,20140453,https://suumo.jp/ms/chuko/tokyo/sc_minato/nc_20140453/,https://suumo.jp/front/gazo/bukken/030/N010000/img/453/20140453/20140453_0019.jpg,entrance,suumo_images_interior/20140453/dd1c5dc601932d56.jpg,b04051f65c393e35568381bff7d6fa98c66e7d41ed510fe4d55fa8b95fc59417
suumo,20140453,https://suumo.jp/ms/chuko/tokyo/sc_minato/nc_20140453/,https://suumo.jp/front/gazo/bukken/030/N010000/img/453/20140453/20140453_0020.jpg,entrance,suumo_images_interior/20140453/ddddf916cdcfb6b5.jpg,0da40dc21a03191040eb9965e072e26bc2f33554c23ab92bfcc39d63f1af1085
suumo,20140453,https://suumo.jp/ms/chuko/tokyo/sc_minato/nc_20140453/,https://suumo.jp/front/gazo/bukken/030/N010000/img/453/20140453/20140453_0024.jpg,living,suumo_images_interior/20140453/5f1e49b6b4defc5c.jpg,4bfeff063ab91fc41e8d093a8c4a22b9bcf768ded2c43e2839648051f1485324
suumo,20140453,https://suumo.jp/ms/chuko/tokyo/sc_minato/nc_20140453/,https://suumo.jp/front/gazo/bukken/030/N010000/img/453/20140453/20140453_0025.jpg,living,suumo_images_interior/20140453/9033714454aae670.jpg,d1652ee7ed1d3e3111b4011eac2be9f958c9a721bade2ab0bbd300c2db6cf4f9
suumo,20140453,https://suumo.jp/ms/chuko/tokyo/sc_minato/nc_20140453/,https://suumo.jp/front/gazo/bukken/030/N010000/img/453/20140453/20140453_0026.jpg,other_room,suumo_images_interior/20140453/2d91af1131bb78d2.jpg,b13485476f369927fe0329db06b3b4c9f6368144b604a270b6bd0c6fe956c2a7
suumo,20140453,https://suumo.jp/ms/chuko/tokyo/sc_minato/nc_20140453/,https://suumo.jp/front/gazo/bukken/030/N010000/img/453/20140453/20140453_0027.jpg,kitchen,suumo_images_interior/20140453/e9e4d130c182fb0c.jpg,74048422cecc74e38dbb75e30fc92a6f208d5c5c342e7ae309683ec570ae376d
suumo,20140453,https://suumo.jp/ms/chuko/tokyo/sc_minato/nc_20140453/,https://suumo.jp/front/gazo/bukken/030/N010000/img/453/20140453/20140453_0029.jpg,storage,suumo_images_interior/20140453/fb5943393a567753.jpg,56d14728b04b5368cf68d67e867d2cb1aefea5aa67defcca03997df3e93d1596
suumo,20140453,https://suumo.jp/ms/chuko/tokyo/sc_minato/nc_20140453/,https://suumo.jp/front/gazo/bukken/030/N010000/img/453/20140453/20140453_0031.jpg,washroom,suumo_images_interior/20140453/18133ca71d3be92a.jpg,cf51e64cbaa5b04fac1d763083d2867f1114149a5c355101f11d4deb073b18ae
suumo,20140453,https://suumo.jp/ms/chuko/tokyo/sc_minato/nc_20140453/,https://suumo.jp/front/gazo/bukken/030/N010000/img/453/20140453/20140453_0033.jpg,toilet,suumo_images_interior/20140453/51958fac15edde21.jpg,97b839bcfe9f90c70a1e1bfa206b780df985747851bdddcb991ba3354bb75b29
suumo,20147686,https://suumo.jp/ms/chuko/tokyo/sc_minato/nc_20147686/,https://suumo.jp/front/gazo/bukken/030/N010000/img/686/20147686/20147686_0043.jpg,other_room,suumo_images_interior/20147686/4eb920a8d88b7f2e.jpg,cec6afe499cda7e041e7b55f36c36cf8ece8071a39cd1502991403f2ba1efc18
suumo,20147686,https://suumo.jp/ms/chuko/tokyo/sc_minato/nc_20147686/,https://suumo.jp/front/gazo/bukken/030/N010000/img/686/20147686/20147686_0047.jpg,other_room,suumo_images_interior/20147686/c63674c5538e522b.jpg,b994e7901cd1af89b97ca426b0d429fcbe18ca2051f1495e8ff64a304e272d34
suumo,20147686,https://suumo.jp/ms/chuko/tokyo/sc_minato/nc_20147686/,https://suumo.jp/front/gazo/bukken/030/N010000/img/686/20147686/20147686_0048.jpg,bathroom,suumo_images_interior/20147686/e1b8a33594150b93.jpg,9cf84ca9efa6acf53ff3712c4b743e42b0c194cceadecd881ea1c1137603bc0b
suumo,20147686,https://suumo.jp/ms/chuko/tokyo/sc_minato/nc_20147686/,https://suumo.jp/front/gazo/bukken/030/N010000/img/686/20147686/20147686_0049.jpg,kitchen,suumo_images_interior/20147686/6af8f72764d9e29d.jpg,014fa1139d8ce6b8c3853c37906f1f2fb6a5145d5b5d0fa5a0aca6f1dfb52861
suumo,20147686,https://suumo.jp/ms/chuko/tokyo/sc_minato/nc_20147686/,https://suumo.jp/front/gazo/bukken/030/N010000/img/686/20147686/20147686_0050.jpg,toilet,suumo_images_interior/20147686/880894000ac293c4.jpg,2ee8e050bd230657b6550e418f806aded1332acbf555bb62d90a6b97c36bd578
suumo,20147686,https://suumo.jp/ms/chuko/tokyo/sc_minato/nc_20147686/,https://suumo.jp/front/gazo/bukken/030/N010000/img/686/20147686/20147686_0053.jpg,storage,suumo_images_interior/20147686/3a47bf4d598c63a0.jpg,78b0f7efd33ebd474ea9126ab56d3a5fe494374fbff87f1fbee369f60dcc36c0
suumo,20182983,https://suumo.jp/ms/chuko/tokyo/sc_minato/nc_20182983/,https://suumo.jp/front/gazo/bukken/030/N010000/img/983/20182983/20182983_0003.jpg,other_room,suumo_images_interior/20182983/b2ee8675008e7240.jpg,92fc788bcd04a812f3e20d5c5caf7cf0566a13188bb959acbf6036f30c132d35
suumo,20182983,https://suumo.jp/ms/chuko/tokyo/sc_minato/nc_20182983/,https://suumo.jp/front/gazo/bukken/030/N010000/img/983/20182983/20182983_0006.jpg,other_room,suumo_images_interior/20182983/c18fd166a18776d1.jpg,6a5828d7cb05a2066c609f64ecde88f12d8c5141d4a1b7792dfaa3f9d1a02cd0
suumo,20182983,https://suumo.jp/ms/chuko/tokyo/sc_minato/nc_20182983/,https://suumo.jp/front/gazo/bukken/030/N010000/img/983/20182983/20182983_0007.jpg,kitchen,suumo_images_interior/20182983/7f03abebe891a73f.jpg,728739fe661d965e10b790423ee0414fb53aea0e947ef24c486bf240a621b6eb
suumo,20182983,https://suumo.jp/ms/chuko/tokyo/sc_minato/nc_20182983/,https://suumo.jp/front/gazo/bukken/030/N010000/img/983/20182983/20182983_0008.jpg,other_room,suumo_images_interior/20182983/3415d913b541cea3.jpg,ad062da71267c48753e48abedd2edd1966d3238e2c290ac13269df1104bada1d
suumo,20182983,https://suumo.jp/ms/chuko/tokyo/sc_minato/nc_20182983/,https://suumo.jp/front/gazo/bukken/030/N010000/img/983/20182983/20182983_0009.jpg,other_room,suumo_images_interior/20182983/32948678a17150a2.jpg,341cc06a3c95200f0f57658f012c432d44b33eb3502ddc437ccc1c16da273e83
suumo,20182983,https://suumo.jp/ms/chuko/tokyo/sc_minato/nc_20182983/,https://suumo.jp/front/gazo/bukken/030/N010000/img/983/20182983/20182983_0010.jpg,other_room,suumo_images_interior/20182983/7a93c39aeeccca7e.jpg,43b4e9e35a792af2122e93d6a59f1657e2068028876c80442739e39a17035764
suumo,20182983,https://suumo.jp/ms/chuko/tokyo/sc_minato/nc_20182983/,https://suumo.jp/front/gazo/bukken/030/N010000/img/983/20182983/20182983_0011.jpg,bathroom,suumo_images_interior/20182983/5b40ee811ca7b46f.jpg,435a5fc91fb08ab609055ccade2b0131e58a130bfb25092fdbdec25567763518
suumo,20182983,https://suumo.jp/ms/chuko/tokyo/sc_minato/nc_20182983/,https://suumo.jp/front/gazo/bukken/030/N010000/img/983/20182983/20182983_0012.jpg,washroom,suumo_images_interior/20182983/675a9f2b9008ee2a.jpg,1f09923b10d7bc7aa9f512f8e9fc175332ce5aa10ce2b527b5343876ad4869d3
suumo,20222053,https://suumo.jp/ms/chuko/tokyo/sc_minato/nc_20222053/,https://suumo.jp/front/gazo/bukken/030/N010000/img/053/20222053/20222053_0002.jpg,storage,suumo_images_interior/20222053/420cbadb862ba382.jpg,57f33c14ec727e027fccaf6a19d6420698a0c01821133e76aab4c11ce960e011
suumo,20222053,https://suumo.jp/ms/chuko/tokyo/sc_minato/nc_20222053/,https://suumo.jp/front/gazo/bukken/030/N010000/img/053/20222053/20222053_0004.jpg,interior,suumo_images_interior/20222053/3279fbfabfaa57d3.jpg,67b40ad49977d6ecc680c1e415996a91eb609a4b4c46ae6e3d700750b62eaa20
suumo,20260622,https://suumo.jp/ms/chuko/tokyo/sc_minato/nc_20260622/,https://suumo.jp/front/gazo/bukken/030/N010000/img/622/20260622/20260622_0001.jpg,living,suumo_images_interior/20260622/b9aaa5fbd7d1fde9.jpg,a21e626cec07f5e69ffb2f460252d27c322859aacb004b4cc03e2210ed9d662d
suumo,20260622,https://suumo.jp/ms/chuko/tokyo/sc_minato/nc_20260622/,https://suumo.jp/front/gazo/bukken/030/N010000/img/622/20260622/20260622_0002.jpg,living,suumo_images_interior/20260622/d50c775c188d4aed.jpg,5efd6adc386b5d2ef1a4569695c015ec09236751cbb3cd78a64eca4c756221a7
suumo,20260622,https://suumo.jp/ms/chuko/tokyo/sc_minato/nc_20260622/,https://suumo.jp/front/gazo/bukken/030/N010000/img/622/20260622/20260622_0003.jpg,living,suumo_images_interior/20260622/a1b83ed63c52ba26.jpg,0dca9016e8f5871dfc023fdd3032d52af33841acd5fe777404dde8ad4ac8e013
suumo,20260622,https://suumo.jp/ms/chuko/tokyo/sc_minato/nc_20260622/,https://suumo.jp/front/gazo/bukken/030/N010000/img/622/20260622/20260622_0004.jpg,living,suumo_images_interior/20260622/1ebabae2625a471d.jpg,fa08425f976893d4132da390dc4aaa0852c9d46673f37cc046011d861879f9a1
suumo,20260622,https://suumo.jp/ms/chuko/tokyo/sc_minato/nc_20260622/,https://suumo.jp/front/gazo/bukken/030/N010000/img/622/20260622/20260622_0005.jpg,interior,suumo_images_interior/20260622/102825951101a2d9.jpg,438f1ea69d075e40992276d49c5abe17b323ca81c8b503f6eccdd10e0c7fe3d0
suumo,20260622,https://suumo.jp/ms/chuko/tokyo/sc_minato/nc_20260622/,https://suumo.jp/front/gazo/bukken/030/N010000/img/622/20260622/20260622_0006.jpg,other_room,suumo_images_interior/20260622/af4bbd2dda7ece3f.jpg,fa84415414115297287916b4c57bcf33556b85b6056ae26a5ea2c62b293a1f5e
suumo,20260622,https://suumo.jp/ms/chuko/tokyo/sc_minato/nc_20260622/,https://suumo.jp/front/gazo/bukken/030/N010000/img/622/20260622/20260622_0007.jpg,kitchen,suumo_images_interior/20260622/db4371c12c28e54d.jpg,4742ad4c7c44b69164a290d670e061dc172b880fc04a3a328d1d7000d25d7323
suumo,20260622,https://suumo.jp/ms/chuko/tokyo/sc_minato/nc_20260622/,https://suumo.jp/front/gazo/bukken/030/N010000/img/622/20260622/20260622_0008.jpg,kitchen,suumo_images_interior/20260622/306c8c1147bf4c72.jpg,e8c0581a573ffd68e8790bd11b90ac7473e4b8b5119893cc749bda9542c467fd
suumo,20260622,https://suumo.jp/ms/chuko/tokyo/sc_minato/nc_20260622/,https://suumo.jp/front/gazo/bukken/030/N010000/img/622/20260622/20260622_0009.jpg,kitchen,suumo_images_interior/20260622/212a21f61e743638.jpg,48dd0be0aa953ae80a54c6071dd16a39058d0eccc8d1ecd0b346aa966ba5c641
suumo,20260622,https://suumo.jp/ms/chuko/tokyo/sc_minato/nc_20260622/,https://suumo.jp/front/gazo/bukken/030/N010000/img/622/20260622/20260622_0010.jpg,bathroom,suumo_images_interior/20260622/c0ca14783b7af749.jpg,86f78e1d433cbe6f5c8c45e214f7d3821eaa858cc8cb58a086e0fc0155f31b6c
suumo,20260622,https://suumo.jp/ms/chuko/tokyo/sc_minato/nc_20260622/,https://suumo.jp/front/gazo/bukken/030/N010000/img/622/20260622/20260622_0012.jpg,toilet,suumo_images_interior/20260622/c89c8690bbb92145.jpg,7d31b06a7e7ca53ea37cf7aefefb350b41d208b69f1359c588ef2885314dd6c8
suumo,20260622,https://suumo.jp/ms/chuko/tokyo/sc_minato/nc_20260622/,https://suumo.jp/front/gazo/bukken/030/N010000/img/622/20260622/20260622_0013.jpg,washroom,suumo_images_interior/20260622/f60e2dd90acb42e4.jpg,871f960b9da644774e33ca7139d799b28381e006cd81144534412c005af4a2ba
suumo,20280087,https://suumo.jp/ms/chuko/tokyo/sc_minato/nc_20280087/,https://suumo.jp/front/edit/fguide/000266418/img/01_a.jpg,kitchen,suumo_images_interior/20280087/763bd57bc6c8d0f8.jpg,4dafa5bf8ee63a44bfe94c1dcfc32b47bedc1fa0811c8822e235acd3cab318cc
suumo,20280087,https://suumo.jp/ms/chuko/tokyo/sc_minato/nc_20280087/,https://suumo.jp/front/edit/fguide/000266418/img/04_a.jpg,kitchen,suumo_images_interior/20280087/212c8cd3f213cb41.jpg,fb968c918b19e21084ccc97fa6648ecaf8f5163ee1cdcbd75890b6cf6e55cc19
suumo,20280087,https://suumo.jp/ms/chuko/tokyo/sc_minato/nc_20280087/,https://suumo.jp/front/edit/fguide/000266418/img/05_a.jpg,kitchen,suumo_images_interior/20280087/16aab277c762c87c.jpg,07e62db2f12f9fe5005eecc0ee79f8af316d3e50eacb56dc192cd9efa07cd944
suumo,20280087,https://suumo.jp/ms/chuko/tokyo/sc_minato/nc_20280087/,https://suumo.jp/front/edit/fguide/000266418/img/06_a.jpg,kitchen,suumo_images_interior/20280087/2c73909848ca5370.jpg,7763935f07f27f71a6a0058e1d1ca6eb28d24121546f89b03dd0a492193cc3bc
suumo,20280087,https://suumo.jp/ms/chuko/tokyo/sc_minato/nc_20280087/,https://suumo.jp/front/edit/fguide/000266418/img/07_a.jpg,kitchen,suumo_images_interior/20280087/fe119bd9b80e245c.jpg,62973ab86222b706cbc4504da671e56959518da93d7b3d084ad25fa8beb631d3
suumo,20280087,https://suumo.jp/ms/chuko/tokyo/sc_minato/nc_20280087/,https://suumo.jp/front/edit/fguide/000266418/img/08_a.jpg,kitchen,suumo_images_interior/20280087/28e6413a8d5c2e98.jpg,1c1195b9d805f0ff22c6566f088259453e07580bc640a83a259eefa88365ec0b
suumo,20280087,https://suumo.jp/ms/chuko/tokyo/sc_minato/nc_20280087/,https://suumo.jp/front/gazo/bukken/030/N010000/img/087/20280087/20280087_0001.jpg,other_room,suumo_images_interior/20280087/915d491463cecde4.jpg,dcc9d6ada10ee498e0af4d20c01cfb656ca5f57bbf4d1b86fbeea41a5514df97
suumo,20280087,https://suumo.jp/ms/chuko/tokyo/sc_minato/nc_20280087/,https://suumo.jp/front/gazo/bukken/030/N010000/img/087/20280087/20280087_0003.jpg,other_room,suumo_images_interior/20280087/0702973fc9755ac8.jpg,8432efadfdab8ee04418c8b4c5a62f9d2c504a7e84b4b25823009c32251070cb
suumo,20280087,https://suumo.jp/ms/chuko/tokyo/sc_minato/nc_20280087/,https://suumo.jp/front/gazo/bukken/030/N010000/img/087/20280087/20280087_0004.jpg,living,suumo_images_interior/20280087/433d94c23e408021.jpg,19e634f7e0aae03a414a87a366261f3ea182685cbfef78cbda040809269de9f5
suumo,20280087,https://suumo.jp/ms/chuko/tokyo/sc_minato/nc_20280087/,https://suumo.jp/front/gazo/bukken/030/N010000/img/087/20280087/20280087_0005.jpg,living,suumo_images_interior/20280087/f5cd69ef314aecbc.jpg,69242af8122f88ecbc92783f197c595534e39e7e9772f33a4c22f4114365512c
suumo,20280087,https://suumo.jp/ms/chuko/tokyo/sc_minato/nc_20280087/,https://suumo.jp/front/gazo/bukken/030/N010000/img/087/20280087/20280087_0006.jpg,kitchen,suumo_images_interior/20280087/24f497721aabc9fa.jpg,188676e67631e92a76b6c03b468511d667e638fc809948cf72d611e9c7b59c41
suumo,20280087,https://suumo.jp/ms/chuko/tokyo/sc_minato/nc_20280087/,https://suumo.jp/front/gazo/bukken/030/N010000/img/087/20280087/20280087_0007.jpg,kitchen,suumo_images_interior/20280087/ea848c6a4986f5ba.jpg,64baabba20c53bbdec85952ac39f81a6f35a4473dedbe6df9d7e99fb09c8c07d
suumo,20280087,https://suumo.jp/ms/chuko/tokyo/sc_minato/nc_20280087/,https://suumo.jp/front/gazo/bukken/030/N010000/img/087/20280087/20280087_0009.jpg,washroom,suumo_images_interior/20280087/3f1106d25a584168.jpg,b4006fcb5b972d72e93e801c608430226805f4dd02aa93fb185e26e58231f477
suumo,20280087,https://suumo.jp/ms/chuko/tokyo/sc_minato/nc_20280087/,https://suumo.jp/front/gazo/bukken/030/N010000/img/087/20280087/20280087_0010.jpg,interior,suumo_images_interior/20280087/7404e83e1b5c1107.jpg,f199076855b75d4ce44ed83a0207121741c6186a2ca6596b192e7502d4f78cc7
suumo,20280087,https://suumo.jp/ms/chuko/tokyo/sc_minato/nc_20280087/,https://suumo.jp/front/gazo/bukken/030/N010000/img/087/20280087/20280087_0011.jpg,toilet,suumo_images_interior/20280087/866e778857f17bb6.jpg,ca2419136b15b579f7ae0ce1c4a2bad918a493b04d973810df8c51eb8dc7f1af
suumo,20280087,https://suumo.jp/ms/chuko/tokyo/sc_minato/nc_20280087/,https://suumo.jp/front/gazo/bukken/030/N010000/img/087/20280087/20280087_0012.jpg,interior,suumo_images_interior/20280087/a54e9257b7513483.jpg,dd9a6cb64f446936e9cd558bbde8f4616a738ebb1e210618107e5733760fc0fd
suumo,20280087,https://suumo.jp/ms/chuko/tokyo/sc_minato/nc_20280087/,https://suumo.jp/front/gazo/bukken/030/N010000/img/087/20280087/20280087_0013.jpg,interior,suumo_images_interior/20280087/836f50ecafe55d4e.jpg,eaae9080311beea1af537d79da358eebee8eddfe3ee36979027eb72bc8f12b9d
suumo,20280087,https://suumo.jp/ms/chuko/tokyo/sc_minato/nc_20280087/,https://suumo.jp/front/gazo/bukken/030/N010000/img/087/20280087/20280087_0014.jpg,entrance,suumo_images_interior/20280087/54bf476d1bb8084a.jpg,f35a724efe5791dc939d5441db22303aef8c0da044e43e8286d44d157c708bb5
suumo,20280087,https://suumo.jp/ms/chuko/tokyo/sc_minato/nc_20280087/,https://suumo.jp/front/gazo/bukken/030/N010000/img/087/20280087/20280087_0015.jpg,entrance,suumo_images_interior/20280087/6a5ce9d992021cd3.jpg,c9826d9c4e4e9876975cf33820e35240ab9f7e0a60a97332b2dc14171e07880f
suumo,20280087,https://suumo.jp/ms/chuko/tokyo/sc_minato/nc_20280087/,https://suumo.jp/front/gazo/bukken/030/N010000/img/087/20280087/20280087_0023.jpg,bathroom,suumo_images_interior/20280087/bc0b5b7036f6b2e9.jpg,1fc7e7059c347f90ad1f689fe1f7dd9c5c9f9d2002dff3d24c3eeb62d84b7555
suumo,20303242,https://suumo.jp/ms/chuko/tokyo/sc_minato/nc_20303242/,https://suumo.jp/front/gazo/bukken/030/N010000/img/242/20303242/20303242_0002.jpg,interior,suumo_images_interior/20303242/93a2056e07909a1d.jpg,7824be865a7b17df204d1092afe4d5968240230b90cd063fa76ed88c8cc2e0fb
suumo,20307834,https://suumo.jp/ms/chuko/tokyo/sc_minato/nc_20307834/,https://suumo.jp/front/gazo/bukken/030/N010000/img/834/20307834/20307834_0009.jpg,kitchen,suumo_images_interior/20307834/34277b2425e4a69a.jpg,af2ecaf8e903c71e75904d091edb78efb959a2e4559b19f278f609916f91be0b
suumo,20307834,https://suumo.jp/ms/chuko/tokyo/sc_minato/nc_20307834/,https://suumo.jp/front/gazo/bukken/030/N010000/img/834/20307834/20307834_0015.jpg,living,suumo_images_interior/20307834/41cecb25d39bfe48.jpg,8210cb57e1ac0e3b8a03d091353b7b9241d505bf192f6bf4c6ff06c115acfe76
suumo,20307834,https://suumo.jp/ms/chuko/tokyo/sc_minato/nc_20307834/,https://suumo.jp/front/gazo/bukken/030/N010000/img/834/20307834/20307834_0017.jpg,entrance,suumo_images_interior/20307834/dc6ee4ff293d9bc8.jpg,f172c6a578c8bdec7fa5ffc13779144c319e9a9f64e62dc7a145a92927b0c2f3
suumo,20307834,https://suumo.jp/ms/chuko/tokyo/sc_minato/nc_20307834/,https://suumo.jp/front/gazo/bukken/030/N010000/img/834/20307834/20307834_0018.jpg,bathroom,suumo_images_interior/20307834/4e52df44e963a517.jpg,9b13005fbf624518bed6212d79480360747743ef7eb4f1b7d74b730ca54dc8f1
suumo,20307834,https://suumo.jp/ms/chuko/tokyo/sc_minato/nc_20307834/,https://suumo.jp/front/gazo/bukken/030/N010000/img/834/20307834/20307834_0019.jpg,kitchen,suumo_images_interior/20307834/2f4c015169538883.jpg,7e53725e9ec51d2c6af7cabdd9f6d392c2032bca7292a34d4be4404883e98e72
suumo,20307834,https://suumo.jp/ms/chuko/tokyo/sc_minato/nc_20307834/,https://suumo.jp/front/gazo/bukken/030/N010000/img/834/20307834/20307834_0021.jpg,other_room,suumo_images_interior/20307834/d6aeb1e4c6897ddc.jpg,806252e9cfdeed91ce042cd670393d507e975e591d5eb480473501b902fa8e93
suumo,20307834,https://suumo.jp/ms/chuko/tokyo/sc_minato/nc_20307834/,https://suumo.jp/front/gazo/bukken/030/N010000/img/834/20307834/20307834_0022.jpg,toilet,suumo_images_interior/20307834/871effab0f221032.jpg,a82d5a9e3b6c07fc0decc87ba6627bdd0988caa7ee650dd88e8ecbe349b18f51
suumo,20307834,https://suumo.jp/ms/chuko/tokyo/sc_minato/nc_20307834/,https://suumo.jp/front/gazo/bukken/030/N010000/img/834/20307834/20307834_0023.jpg,washroom,suumo_images_interior/20307834/41b82dd3042d0544.jpg,dd147af8505f5b3e148a60905a1c9b4622f8726b118dd652c95c4b6e620130a7
suumo,20307834,https://suumo.jp/ms/chuko/tokyo/sc_minato/nc_20307834/,https://suumo.jp/front/gazo/bukken/030/N010000/img/834/20307834/20307834_0024.jpg,living,suumo_images_interior/20307834/061965ca36058241.jpg,f03f5a60ce57e59b291aea8f51c6d49acb8840cdbe7ffa682f48253e776c08b6
suumo,20307834,https://suumo.jp/ms/chuko/tokyo/sc_minato/nc_20307834/,https://suumo.jp/front/gazo/bukken/030/N010000/img/834/20307834/20307834_0026.jpg,living,suumo_images_interior/20307834/e56aa93c34e1d92a.jpg,6851f562bd53cfbb30ac0d8f1b67e4364b77779417089a8216c01da943413dfe
suumo,20307834,https://suumo.jp/ms/chuko/tokyo/sc_minato/nc_20307834/,https://suumo.jp/front/gazo/bukken/030/N010000/img/834/20307834/20307834_0028.jpg,living,suumo_images_interior/20307834/b2e4057d79c86a35.jpg,5b10db2dcd87a74f8706966dd0108328a7fa742093af5f57fcca439dd61dcbc2
suumo,20307834,https://suumo.jp/ms/chuko/tokyo/sc_minato/nc_20307834/,https://suumo.jp/front/gazo/bukken/030/N010000/img/834/20307834/20307834_0031.jpg,living,suumo_images_interior/20307834/edc6a55dbb1833d8.jpg,ca8d2a2646e19487ab4c3ecd9cce12f3a78f464d716bc1dc84e346e08e459c23
suumo,20307834,https://suumo.jp/ms/chuko/tokyo/sc_minato/nc_20307834/,https://suumo.jp/front/gazo/bukken/030/N010000/img/834/20307834/20307834_0032.jpg,living,suumo_images_interior/20307834/6f2b17cb671e1161.jpg,6851f562bd53cfbb30ac0d8f1b67e4364b77779417089a8216c01da943413dfe
suumo,20307834,https://suumo.jp/ms/chuko/tokyo/sc_minato/nc_20307834/,https://suumo.jp/front/gazo/bukken/030/N010000/img/834/20307834/20307834_0033.jpg,kitchen,suumo_images_interior/20307834/67466995b42a4a6f.jpg,7e53725e9ec51d2c6af7cabdd9f6d392c2032bca7292a34d4be4404883e98e72
suumo,20307834,https://suumo.jp/ms/chuko/tokyo/sc_minato/nc_20307834/,https://suumo.jp/front/gazo/bukken/030/N010000/img/834/20307834/20307834_0034.jpg,bathroom,suumo_images_interior/20307834/cdefdb2248d25438.jpg,9b13005fbf624518bed6212d79480360747743ef7eb4f1b7d74b730ca54dc8f1
suumo,20307834,https://suumo.jp/ms/chuko/tokyo/sc_minato/nc_20307834/,https://suumo.jp/front/gazo/bukken/030/N010000/img/834/20307834/20307834_0035.jpg,washroom,suumo_images_interior/20307834/3bf68652972ff33d.jpg,dd147af8505f5b3e148a60905a1c9b4622f8726b118dd652c95c4b6e620130a7
suumo,20307834,https://suumo.jp/ms/chuko/tokyo/sc_minato/nc_20307834/,https://suumo.jp/front/gazo/bukken/030/N010000/img/834/20307834/20307834_0039.jpg,other_room,suumo_images_interior/20307834/d076be10f22ed4bb.jpg,3bcd3068f031387b85740aaa7570c9fd3f4931aa847e4b86bdeb978b8138d28e
suumo,20315037,https://suumo.jp/ms/chuko/tokyo/sc_minato/nc_20315037/,https://suumo.jp/front/edit/fguide/190189001/img/06_b.jpg,entrance,suumo_images_interior/20315037/c6ea4bf9c7c9cf5b.jpg,fa366b227dc5d40ae4639202140f576ba4163b34bef7644db81a6892c6919ccb
suumo,20315037,https://suumo.jp/ms/chuko/tokyo/sc_minato/nc_20315037/,https://suumo.jp/front/gazo/bukken/030/N010000/img/037/20315037/20315037_0005.jpg,living,suumo_images_interior/20315037/608d2861a9145988.jpg,b2e69275b33289c58266485473d204817431ff1a3353f8bc8275cd506491cd7b
suumo,20315037,https://suumo.jp/ms/chuko/tokyo/sc_minato/nc_20315037/,https://suumo.jp/front/gazo/bukken/030/N010000/img/037/20315037/20315037_0006.jpg,living,suumo_images_interior/20315037/0be406c3adf3997c.jpg,7cac2042256abd592749567847962b34b2eadbaf7ee06cf4732d3ab5fc5498a0
suumo,20315037,https://suumo.jp/ms/chuko/tokyo/sc_minato/nc_20315037/,https://suumo.jp/front/gazo/bukken/030/N010000/img/037/20315037/20315037_0007.jpg,living,suumo_images_interior/20315037/f0e612e82877a4c2.jpg,ea2d4b88834671188f4b362413ef96eed555ea4a06c30ed9dfa26c338d00b278
suumo,20315037,https://suumo.jp/ms/chuko/tokyo/sc_minato/nc_20315037/,https://suumo.jp/front/gazo/bukken/030/N010000/img/037/20315037/20315037_0008.jpg,living,suumo_images_interior/20315037/6b9512d3ef06778d.jpg,41a834955fd2231de495b6046150ef9c91ffaccbe776e97f9500819d3f33ad56
suumo,20315037,https://suumo.jp/ms/chuko/tokyo/sc_minato/nc_20315037/,https://suumo.jp/front/gazo/bukken/030/N010000/img/037/20315037/20315037_0009.jpg,living,suumo_images_interior/20315037/541b4b8f1e1725dc.jpg,7e92d5cb0d2acd080e420cb12f182666fdf00531424e727d543eaeaa1b4b5371
suumo,20315037,https://suumo.jp/ms/chuko/tokyo/sc_minato/nc_20315037/,https://suumo.jp/front/gazo/bukken/030/N010000/img/037/20315037/20315037_0010.jpg,living,suumo_images_interior/20315037/713de42a219a8e4c.jpg,cf4226996571d2f93a47d54189f6257f5662c00e3f63aab5844e3a60888c04ce
suumo,20315037,https://suumo.jp/ms/chuko/tokyo/sc_minato/nc_20315037/,https://suumo.jp/front/gazo/bukken/030/N010000/img/037/20315037/20315037_0011.jpg,other_room,suumo_images_interior/20315037/ef7d88de14af658b.jpg,3a806d738382cb4d83d9747c6c5cfc1ba52a129fa393d4cc4ea41b1ed3870504
suumo,20315037,https://suumo.jp/ms/chuko/tokyo/sc_minato/nc_20315037/,https://suumo.jp/front/gazo/bukken/030/N010000/img/037/20315037/20315037_0012.jpg,kitchen,suumo_images_interior/20315037/c97ce5e1bc9ec726.jpg,dd6a9c910053a861ade27890f1667a91f9434f6e35c2cf7976402d52b71d9119
suumo,20315037,https://suumo.jp/ms/chuko/tokyo/sc_minato/nc_20315037/,https://suumo.jp/front/gazo/bukken/030/N010000/img/037/20315037/20315037_0013.jpg,bathroom,suumo_images_interior/20315037/2bb95fb6ef3ebb05.jpg,6ef4b757da619a38d0161d2d5297213beeb6caeff308d114738dea3e4a37debc
suumo,20315037,https://suumo.jp/ms/chuko/tokyo/sc_minato/nc_20315037/,https://suumo.jp/front/gazo/bukken/030/N010000/img/037/20315037/20315037_0014.jpg,storage,suumo_images_interior/20315037/bc9a7dbd0a1c8e6c.jpg,cd4fb6f4dbd9b44916d15ebbf68acdd29bc500b653d0c20c7902e5cf8c40a6c7
suumo,20315037,https://suumo.jp/ms/chuko/tokyo/sc_minato/nc_20315037/,https://suumo.jp/front/gazo/bukken/030/N010000/img/037/20315037/20315037_0015.jpg,entrance,suumo_images_interior/20315037/fac4874a7161d6ba.jpg,4f6da761995104757163536e618242e89937f01d8ab6287d8df5b735e149dc7d
suumo,20315037,https://suumo.jp/ms/chuko/tokyo/sc_minato/nc_20315037/,https://suumo.jp/front/gazo/bukken/030/N010000/img/037/20315037/20315037_0018.jpg,entrance,suumo_images_interior/20315037/50837293980da8d0.jpg,f438f13191ce4f65bcae77335fe08d26e0b46faf5d814e0d54b61b4a80473802
suumo,20315037,https://suumo.jp/ms/chuko/tokyo/sc_minato/nc_20315037/,https://suumo.jp/front/gazo/bukken/030/N010000/img/037/20315037/20315037_0019.jpg,entrance,suumo_images_interior/20315037/38972a24c65be97a.jpg,4d7bdec0da4d12ecaf7bf4ad3d4654402c03711792f656cfff43f368436b3b0b
suumo,20315037,https://suumo.jp/ms/chuko/tokyo/sc_minato/nc_20315037/,https://suumo.jp/front/gazo/bukken/030/N010000/img/037/20315037/20315037_0023.jpg,living,suumo_images_interior/20315037/542122d14bcac7fa.jpg,6c3b34cbf01c631f5bd323bbf2a78ad1fbe9ec55c92471ffb21007ebf9b8af32
suumo,20315037,https://suumo.jp/ms/chuko/tokyo/sc_minato/nc_20315037/,https://suumo.jp/front/gazo/bukken/030/N010000/img/037/20315037/20315037_0024.jpg,living,suumo_images_interior/20315037/bf01e89b63ff1543.jpg,39f97bf921aa9cd1278044522dd33419330ece2ef9a68d829c59312f3c0ae060
suumo,20315037,https://suumo.jp/ms/chuko/tokyo/sc_minato/nc_20315037/,https://suumo.jp/front/gazo/bukken/030/N010000/img/037/20315037/20315037_0025.jpg,other_room,suumo_images_interior/20315037/b79f8ac0ef47441c.jpg,b98ec26703835bd2dd8bee968f33b6eaa5191891a86c998e5c169a06abfc9201
suumo,20315037,https://suumo.jp/ms/chuko/tokyo/sc_minato/nc_20315037/,https://suumo.jp/front/gazo/bukken/030/N010000/img/037/20315037/20315037_0026.jpg,kitchen,suumo_images_interior/20315037/a6b4b444ba76a539.jpg,94052a86ae29b3de11f503309bcf5ae57580e1debefed7aec82b2bb1cf0e8cd4
suumo,20315037,https://suumo.jp/ms/chuko/tokyo/sc_minato/nc_20315037/,https://suumo.jp/front/gazo/bukken/030/N010000/img/037/20315037/20315037_0027.jpg,storage,suumo_images_interior/20315037/9fc6faac11dd75cd.jpg,800bc35661748dc6cf40951fed9b247c01759c24ec651762987c572f92767e16
suumo,20315037,https://suumo.jp/ms/chuko/tokyo/sc_minato/nc_20315037/,https://suumo.jp/front/gazo/bukken/030/N010000/img/037/20315037/20315037_0030.jpg,washroom,suumo_images_interior/20315037/b027f50f4af70934.jpg,d65262bb6104edc809dcf2a44e2fabc9c1651601fdf0a6602477d20b199d1839
suumo,20315037,https://suumo.jp/ms/chuko/tokyo/sc_minato/nc_20315037/,https://suumo.jp/front/gazo/bukken/030/N010000/img/037/20315037/20315037_0032.jpg,toilet,suumo_images_interior/20315037/5a48eea32089a424.jpg,06695074eed9403c055f3614281eab1f31b3d2bb0942ee90525c0014db709165
suumo,20315037,https://suumo.jp/ms/chuko/tokyo/sc_minato/nc_20315037/,https://suumo.jp/front/gazo/bukken/030/N010000/img/037/20315037/20315037_0043.jpg,living,suumo_images_interior/20315037/eabc050d0bc6cd0a.jpg,b0de929cecda43ba67df53d2c8df5ae8d22470e67f5cbf80b95fda9ba9cfe06b
suumo,78293956,https://suumo.jp/ms/chuko/tokyo/sc_minato/nc_78293956/,https://suumo.jp/front/gazo/bukken/030/N010000/img/956/78293956/78293956_0013.jpg,other_room,suumo_images_interior/78293956/85ba42302d874425.jpg,f59291d531491b9327f9a894b70fc35de3b0ca2e04d7affbfd7b81398d4c9f68
suumo,78293956,https://suumo.jp/ms/chuko/tokyo/sc_minato/nc_78293956/,https://suumo.jp/front/gazo/bukken/030/N010000/img/956/78293956/78293956_0014.jpg,other_room,suumo_images_interior/78293956/c78473c866922c3d.jpg,6099db1aa981979a645acd00357ec18616fb6743685093a9ae77f17bc598062c
suumo,78293956,https://suumo.jp/ms/chuko/tokyo/sc_minato/nc_78293956/,https://suumo.jp/front/gazo/bukken/030/N010000/img/956/78293956/78293956_0015.jpg,kitchen,suumo_images_interior/78293956/6a01ec3bc17a2e12.jpg,f380213cc11741346d86f284a99423c585b4fd82d0878bab1901e636265467fe
suumo,78293956,https://suumo.jp/ms/chuko/tokyo/sc_minato/nc_78293956/,https://suumo.jp/front/gazo/bukken/030/N010000/img/956/78293956/78293956_0016.jpg,other_room,suumo_images_interior/78293956/21e9ad3de54bf223.jpg,3a030f2d135b3d7d5857160aa999ff736ff0b171f1b192cdd98a6aef69337f43
suumo,78293956,https://suumo.jp/ms/chuko/tokyo/sc_minato/nc_78293956/,https://suumo.jp/front/gazo/bukken/030/N010000/img/956/78293956/78293956_0017.jpg,bathroom,suumo_images_interior/78293956/7bff64bdaa7986f9.jpg,1be418ad9389418fd46b8a22f4937d4f05cd251dadb0fd9bc907ce337ac4c4bc
suumo,78293956,https://suumo.jp/ms/chuko/tokyo/sc_minato/nc_78293956/,https://suumo.jp/front/gazo/bukken/030/N010000/img/956/78293956/78293956_0018.jpg,interior,suumo_images_interior/78293956/5efa4f96ee78d5d3.jpg,16550eacb72f6a7548663baf7e1affe1e578902e60596522c87bf17a58a219ab
suumo,78293956,https://suumo.jp/ms/chuko/tokyo/sc_minato/nc_78293956/,https://suumo.jp/front/gazo/bukken/030/N010000/img/956/78293956/78293956_0019.jpg,entrance,suumo_images_interior/78293956/e1a20b1d020d793f.jpg,a2a104f7859c57c63c67f5b62fe1a24fd20a8078e7d68122ee828b761b00f271
suumo,78577339,https://suumo.jp/ms/chuko/tokyo/sc_minato/nc_78577339/,https://suumo.jp/front/gazo/bukken/030/N010000/img/339/78577339/78577339_0027.jpg,kitchen,suumo_images_interior/78577339/0ccaa6e9f7d5f5b0.jpg,80151f45a30f93019872e066f20fc00c6b67052b738906def403ae6d6d7abde6
suumo,78577339,https://suumo.jp/ms/chuko/tokyo/sc_minato/nc_78577339/,https://suumo.jp/front/gazo/bukken/030/N010000/img/339/78577339/78577339_0028.jpg,toilet,suumo_images_interior/78577339/0aee5de53d4ef75d.jpg,100e121f28a5839f0a801bc3a6616d953f84ba595e9a1e55e336ca858ce2f5aa
suumo,78577339,https://suumo.jp/ms/chuko/tokyo/sc_minato/nc_78577339/,https://suumo.jp/front/gazo/bukken/030/N010000/img/339/78577339/78577339_0029.jpg,entrance,suumo_images_interior/78577339/0eb1faceef1f1902.jpg,3485a26ddee53de90a710de0a00c727f70e9a5abf38a0038dddeada0d36dbd61
suumo,78577339,https://suumo.jp/ms/chuko/tokyo/sc_minato/nc_78577339/,https://suumo.jp/front/gazo/bukken/030/N010000/img/339/78577339/78577339_0031.jpg,bathroom,suumo_images_interior/78577339/cc9c6a492a1857b8.jpg,5e736ad411c4f0063283852a863fbb309b173e5548257616d4dbb60de729fcf3
suumo,78577339,https://suumo.jp/ms/chuko/tokyo/sc_minato/nc_78577339/,https://suumo.jp/front/gazo/bukken/030/N010000/img/339/78577339/78577339_0032.jpg,washroom,suumo_images_interior/78577339/739ecacbb69951f0.jpg,5e736ad411c4f0063283852a863fbb309b173e5548257616d4dbb60de729fcf3
suumo,78577339,https://suumo.jp/ms/chuko/tokyo/sc_minato/nc_78577339/,https://suumo.jp/front/gazo/bukken/030/N010000/img/339/78577339/78577339_0036.jpg,other_room,suumo_images_interior/78577339/a972e949aec85eef.jpg,aaab175394c7523456c7a3f009a5429323d4039d92c429f8f707e40efa90d82a
suumo,78577339,https://suumo.jp/ms/chuko/tokyo/sc_minato/nc_78577339/,https://suumo.jp/front/gazo/bukken/030/N010000/img/339/78577339/78577339_0037.jpg,living,suumo_images_interior/78577339/933732afd8a94605.jpg,f46b7028a59e34d4593e74187c1348d95e5e1d329c320a902ce9cb6653e80c34
suumo,78601661,https://suumo.jp/ms/chuko/tokyo/sc_minato/nc_78601661/,https://suumo.jp/front/gazo/bukken/030/N010000/img/661/78601661/78601661_0001.jpg,living,suumo_images_interior/78601661/851b0f4e37cfca39.jpg,205d79260848803a1e7d39095efc9cae310ed015716ab1b6b1a7edd8ba2ad548
suumo,78601661,https://suumo.jp/ms/chuko/tokyo/sc_minato/nc_78601661/,https://suumo.jp/front/gazo/bukken/030/N010000/img/661/78601661/78601661_0003.jpg,living,suumo_images_interior/78601661/589b28aecdf73101.jpg,c16c680ebd1ef4b6864e6fe09731d1c02a6e1100ddb6188ddfb2bf16e39cc960
suumo,78601661,https://suumo.jp/ms/chuko/tokyo/sc_minato/nc_78601661/,https://suumo.jp/front/gazo/bukken/030/N010000/img/661/78601661/78601661_0004.jpg,living,suumo_images_interior/78601661/fc19df61b23ffb29.jpg,376a73d2c6cce3a8c5d6156c575837d48657bf66a485f4569f29add000939392
suumo,78601661,https://suumo.jp/ms/chuko/tokyo/sc_minato/nc_78601661/,https://suumo.jp/front/gazo/bukken/030/N010000/img/661/78601661/78601661_0005.jpg,living,suumo_images_interior/78601661/d16bec4877c8d9ba.jpg,f750053f9982c491eaef9f845e139334f68c8d6e6ac02a29759feae01b5e7b0e
suumo,78601661,https://suumo.jp/ms/chuko/tokyo/sc_minato/nc_78601661/,https://suumo.jp/front/gazo/bukken/030/N010000/img/661/78601661/78601661_0006.jpg,living,suumo_images_interior/78601661/7c74ccc133a52ae7.jpg,5a19dcf5a4231e4712bf75699688f4f90c5fa17b3d6302b2a06e10dd151b00aa
suumo,78601661,https://suumo.jp/ms/chuko/tokyo/sc_minato/nc_78601661/,https://suumo.jp/front/gazo/bukken/030/N010000/img/661/78601661/78601661_0007.jpg,kitchen,suumo_images_interior/78601661/33f64bacde617153.jpg,7b664c5db2f9c4b04d84acbd9cd0317b2825692ffb43634a1769764b2ebccd14
suumo,78601661,https://suumo.jp/ms/chuko/tokyo/sc_minato/nc_78601661/,https://suumo.jp/front/gazo/bukken/030/N010000/img/661/78601661/78601661_0008.jpg,kitchen,suumo_images_interior/78601661/dfa6267aa79c6215.jpg,b8b08c97a791799fc6dfb1603ede9025d80cc5d775d16e4aa40192e4c055eeb3
suumo,78601661,https://suumo.jp/ms/chuko/tokyo/sc_minato/nc_78601661/,https://suumo.jp/front/gazo/bukken/030/N010000/img/661/78601661/78601661_0010.jpg,other_room,suumo_images_interior/78601661/1527095008493661.jpg,6d56a3e5b91ab132716f93927f281918c0b6c2a3b55e94180b5ac22a45f65144
suumo,78601661,https://suumo.jp/ms/chuko/tokyo/sc_minato/nc_78601661/,https://suumo.jp/front/gazo/bukken/030/N010000/img/661/78601661/78601661_0011.jpg,other_room,suumo_images_interior/78601661/13dbb25119b76bb8.jpg,45718e089bdace181b0315d4bed34ab53fb5acc411a7457bee63684e9c1519ff
suumo,78601661,https://suumo.jp/ms/chuko/tokyo/sc_minato/nc_78601661/,https://suumo.jp/front/gazo/bukken/030/N010000/img/661/78601661/78601661_0012.jpg,other_room,suumo_images_interior/78601661/730f4ef27bc9405f.jpg,1af46b02e987c35226c6f64e379bf3184a13ef8803a6c3fd3dd04af3d4520510
suumo,78601661,https://suumo.jp/ms/chuko/tokyo/sc_minato/nc_78601661/,https://suumo.jp/front/gazo/bukken/030/N010000/img/661/78601661/78601661_0013.jpg,storage,suumo_images_interior/78601661/b7b1086b67b7798d.jpg,c035578cce6c79a6f6803d69b5fec4eec2468a9455aabda7a564cf8d59cba769
suumo,78601661,https://suumo.jp/ms/chuko/tokyo/sc_minato/nc_78601661/,https://suumo.jp/front/gazo/bukken/030/N010000/img/661/78601661/78601661_0014.jpg,storage,suumo_images_interior/78601661/b44f30e21d471235.jpg,9872f725757db28b9f21a7f975ce9fc242e3eed6ac136bb6dad13f78f3cfbd70
suumo,78601661,https://suumo.jp/ms/chuko/tokyo/sc_minato/nc_78601661/,https://suumo.jp/front/gazo/bukken/030/N010000/img/661/78601661/78601661_0015.jpg,bedroom,suumo_images_interior/78601661/8aad06d437d2a5d8.jpg,d581e918006c7fdc0ddc0023d79ff53630a5ab52693269365de8ade0cac08ef8
suumo,78601661,https://suumo.jp/ms/chuko/tokyo/sc_minato/nc_78601661/,https://suumo.jp/front/gazo/bukken/030/N010000/img/661/78601661/78601661_0016.jpg,toilet,suumo_images_interior/78601661/c77381a37ab4a912.jpg,ca37e58c0c3b3330d0aff505da69a2a04cb1f33a22d02fb5e83f6618034a1517
suumo,78601661,https://suumo.jp/ms/chuko/tokyo/sc_minato/nc_78601661/,https://suumo.jp/front/gazo/bukken/030/N010000/img/661/78601661/78601661_0017.jpg,bathroom,suumo_images_interior/78601661/a6c7135f54fb3bb7.jpg,91bd4737a63ca2b82a3c91110da8c71f71d38e11598916d6bc44fdb938b513a3
suumo,78601661,https://suumo.jp/ms/chuko/tokyo/sc_minato/nc_78601661/,https://suumo.jp/front/gazo/bukken/030/N010000/img/661/78601661/78601661_0018.jpg,washroom,suumo_images_interior/78601661/adad2bde6f0b8720.jpg,6434c4d45aaaeddfb7b9226b1158b75624434c9fc60cacb97e20692673ace3bf
suumo,78601661,https://suumo.jp/ms/chuko/tokyo/sc_minato/nc_78601661/,https://suumo.jp/front/gazo/bukken/030/N010000/img/661/78601661/78601661_0019.jpg,washroom,suumo_images_interior/78601661/30e76108ae835879.jpg,a441194bcdb9939bb32ef5504b5a802743da41f0a6655b413643c7449a741905
suumo,78601661,https://suumo.jp/ms/chuko/tokyo/sc_minato/nc_78601661/,https://suumo.jp/front/gazo/bukken/030/N010000/img/661/78601661/78601661_0032.jpg,living,suumo_images_interior/78601661/842458c248a0ff63.jpg,f142aae98b356ef2bf398d7268db15c88c5f070cafb340de107cfdbdf7894a5f
suumo,78601661,https://suumo.jp/ms/chuko/tokyo/sc_minato/nc_78601661/,https://suumo.jp/front/gazo/bukken/030/N010000/img/661/78601661/78601661_0033.jpg,living,suumo_images_interior/78601661/cc798d0f4cc78980.jpg,7d4f689d76b9cd02c895f4103c259d8533ef203e9772e6613e0deceff321bbf8
suumo,78601661,https://suumo.jp/ms/chuko/tokyo/sc_minato/nc_78601661/,https://suumo.jp/front/gazo/bukken/030/N010000/img/661/78601661/78601661_0034.jpg,living,suumo_images_interior/78601661/5849b9e962ae9bc8.jpg,b5f02a8c786dec606dae6c0335aeb67012667ac2728520bc824746d24671a272
suumo,78601661,https://suumo.jp/ms/chuko/tokyo/sc_minato/nc_78601661/,https://suumo.jp/front/gazo/bukken/030/N010000/img/661/78601661/78601661_0035.jpg,interior,suumo_images_interior/78601661/daf987aed3810d27.jpg,103891a5e4c43870a27da89c7c01954d0e8365a14cad3ebfa4139c4c57836c41
suumo,78601661,https://suumo.jp/ms/chuko/tokyo/sc_minato/nc_78601661/,https://suumo.jp/front/gazo/bukken/030/N010000/img/661/78601661/78601661_0036.jpg,kitchen,suumo_images_interior/78601661/6d84579a36c614d2.jpg,d81c92ef80e78a37a97bde61a730506cbed76fce36ce8f22e4823be531565af5
suumo,78601661,https://suumo.jp/ms/chuko/tokyo/sc_minato/nc_78601661/,https://suumo.jp/front/gazo/bukken/030/N010000/img/661/78601661/78601661_0038.jpg,interior,suumo_images_interior/78601661/28b459e1c47f5348.jpg,0e1cb61b7ebaf661e9360c155301834945f88d50765748948755ea93bebe591f
suumo,78795473,https://suumo.jp/ms/chuko/tokyo/sc_minato/nc_78795473/,https://suumo.jp/front/gazo/bukken/030/N010000/img/473/78795473/78795473_0001.jpg,living,suumo_images_interior/78795473/4686e90aee6528da.jpg,c6286d03f0cef2296020070df587e19d8f883bb26aaa599f1da337e57e5c8cc5
suumo,78795473,https://suumo.jp/ms/chuko/tokyo/sc_minato/nc_78795473/,https://suumo.jp/front/gazo/bukken/030/N010000/img/473/78795473/78795473_0002.jpg,living,suumo_images_interior/78795473/3d8692fc1ade6f36.jpg,7803105a27d693d74c26f668def1130fc3296793bd73a8c1c3957553c6738f71
suumo,78795473,https://suumo.jp/ms/chuko/tokyo/sc_minato/nc_78795473/,https://suumo.jp/front/gazo/bukken/030/N010000/img/473/78795473/78795473_0003.jpg,living,suumo_images_interior/78795473/42bdd63de2c3e98c.jpg,c646bd5d998423b78c63709a13c5bd79daa1d1585f69006ca4eda77926eefc0c
suumo,78795473,https://suumo.jp/ms/chuko/tokyo/sc_minato/nc_78795473/,https://suumo.jp/front/gazo/bukken/030/N010000/img/473/78795473/78795473_0004.jpg,living,suumo_images_interior/78795473/c8f209897aa98526.jpg,f03ae2d391fc4e79129fd49b18dba2548038f664c550fb2f9e69ae0b023ed931
suumo,78795473,https://suumo.jp/ms/chuko/tokyo/sc_minato/nc_78795473/,https://suumo.jp/front/gazo/bukken/030/N010000/img/473/78795473/78795473_0005.jpg,other_room,suumo_images_interior/78795473/8477031fa655cf2b.jpg,d073b22c457ed0b5e4fc305a67e963b46f2e9c35d8a2b634f203def712ea8cf1
suumo,78795473,https://suumo.jp/ms/chuko/tokyo/sc_minato/nc_78795473/,https://suumo.jp/front/gazo/bukken/030/N010000/img/473/78795473/78795473_0019.jpg,entrance,suumo_images_interior/78795473/ee58796bd9d811bd.jpg,8eee0b760119c851b65cec6c2b7248a5ee0167bc96c978d0421b9e146979b582
suumo,78795473,https://suumo.jp/ms/chuko/tokyo/sc_minato/nc_78795473/,https://suumo.jp/front/gazo/bukken/030/N010000/img/473/78795473/78795473_0059.jpg,kitchen,suumo_images_interior/78795473/ba786566be8d9d54.jpg,fd0d31fb1c5b421e2043835c756a77c4f7ed6868187d72e94575c3954a374229
suumo,78795473,https://suumo.jp/ms/chuko/tokyo/sc_minato/nc_78795473/,https://suumo.jp/front/gazo/bukken/030/N010000/img/473/78795473/78795473_0060.jpg,kitchen,suumo_images_interior/78795473/9fb5b165b4c7f970.jpg,8e58642fbdb0cb94dbf00d2a05811b54619894fc88a4399e982747fd882ab1ca
suumo,78795473,https://suumo.jp/ms/chuko/tokyo/sc_minato/nc_78795473/,https://suumo.jp/front/gazo/bukken/030/N010000/img/473/78795473/78795473_0061.jpg,washroom,suumo_images_interior/78795473/89bc46f4b7c8d780.jpg,bd6db61590920921cb7e48cb75ac03f12b034f6a31b660f5f05bfda96383d042
suumo,78795473,https://suumo.jp/ms/chuko/tokyo/sc_minato/nc_78795473/,https://suumo.jp/front/gazo/bukken/030/N010000/img/473/78795473/78795473_0062.jpg,bathroom,suumo_images_interior/78795473/2f388c4857ffaf01.jpg,bbd95d41b1baf81444e8980dbe61652061ad8b0613dc92f89dc1388f331c1ad3
suumo,78795473,https://suumo.jp/ms/chuko/tokyo/sc_minato/nc_78795473/,https://suumo.jp/front/gazo/bukken/030/N010000/img/473/78795473/78795473_0063.jpg,toilet,suumo_images_interior/78795473/9c28daf9cb23d786.jpg,c40a0ca970a515341e4cfe2714b6c42539219824960fa051c6ed88bbccbeec82
suumo,78795473,https://suumo.jp/ms/chuko/tokyo/sc_minato/nc_78795473/,https://suumo.jp/front/gazo/bukken/030/N010000/img/473/78795473/78795473_0064.jpg,other_room,suumo_images_interior/78795473/1bf53cf28fe90f6b.jpg,df16ffc4d13f7f4317b3596a625e2abef681b795e6be0c688cffdf63c98a916c
suumo,78795473,https://suumo.jp/ms/chuko/tokyo/sc_minato/nc_78795473/,https://suumo.jp/front/gazo/bukken/030/N010000/img/473/78795473/78795473_0065.jpg,other_room,suumo_images_interior/78795473/0f43d7abb32b1a37.jpg,e8c8657c54bccc26a67ecea88bb06b6d246cb3576c334e16bb5940d0e162436a
suumo,78795473,https://suumo.jp/ms/chuko/tokyo/sc_minato/nc_78795473/,https://suumo.jp/front/gazo/bukken/030/N010000/img/473/78795473/78795473_0066.jpg,other_room,suumo_images_interior/78795473/7ee5b1b231bb0d1c.jpg,ba064234bd3f758cd3f45f523f862fdc8cc7b72194dec1a9cfe157d0d48f8c1c
suumo,78795473,https://suumo.jp/ms/chuko/tokyo/sc_minato/nc_78795473/,https://suumo.jp/front/gazo/bukken/030/N010000/img/473/78795473/78795473_0067.jpg,other_room,suumo_images_interior/78795473/674a23c0ae455e4e.jpg,52c202dac10110c7d56bebba3a0f2919ccccabd2714d40d6be12784e819c1af2
suumo,78795473,https://suumo.jp/ms/chuko/tokyo/sc_minato/nc_78795473/,https://suumo.jp/front/gazo/bukken/030/N010000/img/473/78795473/78795473_0068.jpg,storage,suumo_images_interior/78795473/5e347f4a8bfb6e88.jpg,6b4c7d7794a4d313b2ad65daaf7516e54a8fced371615887dc97dbd885c76662
suumo,78795473,https://suumo.jp/ms/chuko/tokyo/sc_minato/nc_78795473/,https://suumo.jp/front/gazo/bukken/030/N010000/img/473/78795473/78795473_0069.jpg,other_room,suumo_images_interior/78795473/122e413d3e808c6c.jpg,dd2dc012cdefe4cb1423c5e5bb356beee13187927e8d669afa98b5c83dec543f
suumo,78861198,https://suumo.jp/ms/chuko/tokyo/sc_minato/nc_78861198/,https://suumo.jp/front/gazo/bukken/030/N010000/img/198/78861198/78861198_0003.jpg,living,suumo_images_interior/78861198/1e36fb6817f0b633.jpg,45fec6769c5a378eb7bb6e05535f6b5ab10d036375a6a0601ded319a775de83d
suumo,78861198,https://suumo.jp/ms/chuko/tokyo/sc_minato/nc_78861198/,https://suumo.jp/front/gazo/bukken/030/N010000/img/198/78861198/78861198_0010.jpg,other_room,suumo_images_interior/78861198/372fa4859fb24e56.jpg,d106af43322cb71c554091c267f51ee6cf896b182b422a8b0d0052ee0b914c58
suumo,78861198,https://suumo.jp/ms/chuko/tokyo/sc_minato/nc_78861198/,https://suumo.jp/front/gazo/bukken/030/N010000/img/198/78861198/78861198_0013.jpg,storage,suumo_images_interior/78861198/ffdfd8d2243e240d.jpg,c80bca898ba3c356fc031d8f0da10928c7e931aa9b9d16c01ea8d1f6c16b926b
suumo,78861198,https://suumo.jp/ms/chuko/tokyo/sc_minato/nc_78861198/,https://suumo.jp/front/gazo/bukken/030/N010000/img/198/78861198/78861198_0014.jpg,storage,suumo_images_interior/78861198/e7ff212a18348a34.jpg,d3a85c9ec0e64f287b623c98ed819d56accf2ae7e6b4722f511193240e244f8d
suumo,78861198,https://suumo.jp/ms/chuko/tokyo/sc_minato/nc_78861198/,https://suumo.jp/front/gazo/bukken/030/N010000/img/198/78861198/78861198_0024.jpg,living,suumo_images_interior/78861198/5bde2c7d5f68f1b6.jpg,b0d5e6ace03c1f89dd8d729eb00fbe4932978ff15ccb6c0f38174f2e992322fa
suumo,78861198,https://suumo.jp/ms/chuko/tokyo/sc_minato/nc_78861198/,https://suumo.jp/front/gazo/bukken/030/N010000/img/198/78861198/78861198_0025.jpg,living,suumo_images_interior/78861198/427a6f572c6b0743.jpg,2793c73ff12ad93c666293661bdc41922cb0ffcaa963916715daff251f96e71e
suumo,78861198,https://suumo.jp/ms/chuko/tokyo/sc_minato/nc_78861198/,https://suumo.jp/front/gazo/bukken/030/N010000/img/198/78861198/78861198_0026.jpg,living,suumo_images_interior/78861198/c18d2ea2d5abec9f.jpg,a2126d3112258332349362b391f6af1b77b91721f48473addb64e350b74bec8f
suumo,78861198,https://suumo.jp/ms/chuko/tokyo/sc_minato/nc_78861198/,https://suumo.jp/front/gazo/bukken/030/N010000/img/198/78861198/78861198_0027.jpg,living,suumo_images_interior/78861198/c9171d70fa8db135.jpg,d76242e5657e97f1cdd8ab560c32f6c02864c1bb28848f5df94f9e17a3fd07b4
suumo,78861198,https://suumo.jp/ms/chuko/tokyo/sc_minato/nc_78861198/,https://suumo.jp/front/gazo/bukken/030/N010000/img/198/78861198/78861198_0028.jpg,kitchen,suumo_images_interior/78861198/e39ccd22f59db454.jpg,ef0c1d2495b1ad8528127aa08bce99789dcbc4335c3382398c14ae4abf7697f0
suumo,78861198,https://suumo.jp/ms/chuko/tokyo/sc_minato/nc_78861198/,https://suumo.jp/front/gazo/bukken/030/N010000/img/198/78861198/78861198_0029.jpg,other_room,suumo_images_interior/78861198/78f3785fc3c26587.jpg,dadb5d8afc471bc617f291866838f2fd1c59a2786fdbd357cdfba777cc3c4292
suumo,78861198,https://suumo.jp/ms/chuko/tokyo/sc_minato/nc_78861198/,https://suumo.jp/front/gazo/bukken/030/N010000/img/198/78861198/78861198_0030.jpg,other_room,suumo_images_interior/78861198/8564ed8bdbcecd74.jpg,2fd3f96f52df7bf1d6d1e97c56b73c7969d4d3bd173045f967316b7ab0992237
suumo,78861198,https://suumo.jp/ms/chuko/tokyo/sc_minato/nc_78861198/,https://suumo.jp/front/gazo/bukken/030/N010000/img/198/78861198/78861198_0046.jpg,living,suumo_images_interior/78861198/b162497830840bff.jpg,798a3e4a7f0202f444d8ac873952c06ea8c85d3ee2cb358acf57e96ab1a02fb0
suumo,78861198,https://suumo.jp/ms/chuko/tokyo/sc_minato/nc_78861198/,https://suumo.jp/front/gazo/bukken/030/N010000/img/198/78861198/78861198_0047.jpg,living,suumo_images_interior/78861198/11628caf6e54f498.jpg,cad83c0b60f0bdfffd3af98b6227af0ce91212815617d2886335dfe5f86f56a5
suumo,78861198,https://suumo.jp/ms/chuko/tokyo/sc_minato/nc_78861198/,https://suumo.jp/front/gazo/bukken/030/N010000/img/198/78861198/78861198_0048.jpg,living,suumo_images_interior/78861198/9e139fc0c0eafd06.jpg,c1015133ed911c623c4fb21353090a36a34c3f3c76829780e387fc5ef6980095
suumo,78861198,https://suumo.jp/ms/chuko/tokyo/sc_minato/nc_78861198/,https://suumo.jp/front/gazo/bukken/030/N010000/img/198/78861198/78861198_0049.jpg,kitchen,suumo_images_interior/78861198/59dad5ecb1bcbf30.jpg,9bbd57d5ba4c956b3b50aad71babb23168a0a2cba9808e6bae652a0cb454e4bc
suumo,78861198,https://suumo.jp/ms/chuko/tokyo/sc_minato/nc_78861198/,https://suumo.jp/front/gazo/bukken/030/N010000/img/198/78861198/78861198_0050.jpg,kitchen,suumo_images_interior/78861198/0a51182efb5b5c92.jpg,77fa06999f01a1a61e030ba1f63390cfbd4d4d34c343c6535ebfa0f05ee4a91d
suumo,78861198,https://suumo.jp/ms/chuko/tokyo/sc_minato/nc_78861198/,https://suumo.jp/front/gazo/bukken/030/N010000/img/198/78861198/78861198_0051.jpg,kitchen,suumo_images_interior/78861198/5c28d45075e54edc.jpg,39e8cd243dc292d019d99aa79036e0aa053c3db7ba534ffa57a39f099a4ce90a
suumo,78861198,https://suumo.jp/ms/chuko/tokyo/sc_minato/nc_78861198/,https://suumo.jp/front/gazo/bukken/030/N010000/img/198/78861198/78861198_0052.jpg,other_room,suumo_images_interior/78861198/dcc675f65f807a83.jpg,491bd7aede17fc465be5ef6ce44c81100a85c513cc2389f14920e96ec3008167
suumo,78861198,https://suumo.jp/ms/chuko/tokyo/sc_minato/nc_78861198/,https://suumo.jp/front/gazo/bukken/030/N010000/img/198/78861198/78861198_0053.jpg,storage,suumo_images_interior/78861198/49ad2f2f980213f2.jpg,25bb820ceb6bff55a8c463d860d1357c5e121e5786c2bb7ca0a637dc9eddf0d4
suumo,78861198,https://suumo.jp/ms/chuko/tokyo/sc_minato/nc_78861198/,https://suumo.jp/front/gazo/bukken/030/N010000/img/198/78861198/78861198_0054.jpg,toilet,suumo_images_interior/78861198/dfdb3c351934b315.jpg,c37a3fe218420a8c3992f34995b5d014e7aaee9bfaec61fde0ad41d2b399b827
suumo,78861198,https://suumo.jp/ms/chuko/tokyo/sc_minato/nc_78861198/,https://suumo.jp/front/gazo/bukken/030/N010000/img/198/78861198/78861198_0055.jpg,bathroom,suumo_images_interior/78861198/0931886c87b6754d.jpg,473f2eb8a1378c33c6f18fefcd7c67df5a85d02b6d95cab56d2032d2123a411a
suumo,78861198,https://suumo.jp/ms/chuko/tokyo/sc_minato/nc_78861198/,https://suumo.jp/front/gazo/bukken/030/N010000/img/198/78861198/78861198_0056.jpg,washroom,suumo_images_interior/78861198/67a19d4756c93a29.jpg,48e32f7f60da2d77e679eb1a34c605682afa744bb43f1b2d407f1528e4f7bd25
suumo,78861198,https://suumo.jp/ms/chuko/tokyo/sc_minato/nc_78861198/,https://suumo.jp/front/gazo/bukken/030/N010000/img/198/78861198/78861198_0057.jpg,washroom,suumo_images_interior/78861198/27fe254dea708d69.jpg,2173d21cab2e02f1a401cd6fbb2242f5b113c94e4a0669c96f165ca122bfcc8d
suumo,78861198,https://suumo.jp/ms/chuko/tokyo/sc_minato/nc_78861198/,https://suumo.jp/front/gazo/bukken/030/N010000/img/198/78861198/78861198_0061.jpg,living,suumo_images_interior/78861198/ea71379bf522d29e.jpg,91fa1914b24a4516aa53a5819fd66a8c77c3509b33b1c1d62671f4ff89a375dc
suumo,78922431,https://suumo.jp/ms/chuko/tokyo/sc_minato/nc_78922431/,https://suumo.jp/front/edit/fguide/100451038/img/03_a.jpg,interior,suumo_images_interior/78922431/b5342a6b7c9195ba.jpg,ae1158a4aa02a6b88ae0eb01fa485732d81f6f32728d230f9659e2d83332e888
suumo,78922431,https://suumo.jp/ms/chuko/tokyo/sc_minato/nc_78922431/,https://suumo.jp/front/edit/fguide/100451038/img/04_a.jpg,interior,suumo_images_interior/78922431/9e73d53d6dc59741.jpg,793eb8f43b8ca1c31c478b1bfc5df606d15adcb755f2de49b850d0d831263844
suumo,78922431,https://suumo.jp/ms/chuko/tokyo/sc_minato/nc_78922431/,https://suumo.jp/front/edit/fguide/100451038/img/05_a.jpg,interior,suumo_images_interior/78922431/c3e857f366e1015f.jpg,338b5df97505bfb46535c6b5973db1f4c8b99d943594302323864ebbecc327d1
suumo,78922431,https://suumo.jp/ms/chuko/tokyo/sc_minato/nc_78922431/,https://suumo.jp/front/edit/fguide/100451038/img/07_a.jpg,interior,suumo_images_interior/78922431/c59df01234a0b95b.jpg,06078acb669aec6617226829aa797db69f48faf5a99d9b033e8068dd10789940
suumo,78922431,https://suumo.jp/ms/chuko/tokyo/sc_minato/nc_78922431/,https://suumo.jp/front/gazo/bukken/030/N010000/img/431/78922431/78922431_0002.jpg,living,suumo_images_interior/78922431/ed8588bec3c9dbbf.jpg,02522d27dc525ddeeb07daebef5f4129f5dba1477ac32b3ffde76a1d53435230
suumo,78922431,https://suumo.jp/ms/chuko/tokyo/sc_minato/nc_78922431/,https://suumo.jp/front/gazo/bukken/030/N010000/img/431/78922431/78922431_0020.jpg,living,suumo_images_interior/78922431/69d29dfc46608b2b.jpg,0c4db09b52ac150bb130373e744bdb146211cdb7b3d937da0e9d1832b9ab3d54
suumo,78922431,https://suumo.jp/ms/chuko/tokyo/sc_minato/nc_78922431/,https://suumo.jp/front/gazo/bukken/030/N010000/img/431/78922431/78922431_0021.jpg,living,suumo_images_interior/78922431/ef8288b547161b38.jpg,82d0990ee575717b822eb63b4b06e1f43ce2216c7151ad4804ae89f4a87e4968
suumo,78922431,https://suumo.jp/ms/chuko/tokyo/sc_minato/nc_78922431/,https://suumo.jp/front/gazo/bukken/030/N010000/img/431/78922431/78922431_0022.jpg,living,suumo_images_interior/78922431/fbd2bc517e04df28.jpg,d6c40c53b6fca1a0adb5ab999f9b04ab4aed2888bd21605db06f985d287fac26
suumo,78922431,https://suumo.jp/ms/chuko/tokyo/sc_minato/nc_78922431/,https://suumo.jp/front/gazo/bukken/030/N010000/img/431/78922431/78922431_0023.jpg,living,suumo_images_interior/78922431/464a585048fde4f8.jpg,1145963508a7086bb061fd5abb635033cde1fd2b049e969cd5bfecf267d5227f
suumo,78922431,https://suumo.jp/ms/chuko/tokyo/sc_minato/nc_78922431/,https://suumo.jp/front/gazo/bukken/030/N010000/img/431/78922431/78922431_0024.jpg,kitchen,suumo_images_interior/78922431/fad64bfcf38b6ade.jpg,682b9c577cdc230a9123880b6b561f623591ece9cb2e980beda85605b096b41d
suumo,78922431,https://suumo.jp/ms/chuko/tokyo/sc_minato/nc_78922431/,https://suumo.jp/front/gazo/bukken/030/N010000/img/431/78922431/78922431_0025.jpg,other_room,suumo_images_interior/78922431/4ebf3951fd98a443.jpg,af3c73f085520a7ee8f34855f52455412774f042852c6e7e667a9d7ed8aa70cd
suumo,78922431,https://suumo.jp/ms/chuko/tokyo/sc_minato/nc_78922431/,https://suumo.jp/front/gazo/bukken/030/N010000/img/431/78922431/78922431_0026.jpg,other_room,suumo_images_interior/78922431/8c11971f02438f0f.jpg,474f1c00305df3f7b413e533427ad98e3d43a64cb6600930c7f2d5ca05d3a063
suumo,78922431,https://suumo.jp/ms/chuko/tokyo/sc_minato/nc_78922431/,https://suumo.jp/front/gazo/bukken/030/N010000/img/431/78922431/78922431_0027.jpg,other_room,suumo_images_interior/78922431/9f076c76c27d4280.jpg,54061f1ccc551a29896bdd0181b261ae64a74f6df9de38c398b0ff376afb1874
suumo,78922431,https://suumo.jp/ms/chuko/tokyo/sc_minato/nc_78922431/,https://suumo.jp/front/gazo/bukken/030/N010000/img/431/78922431/78922431_0035.jpg,bathroom,suumo_images_interior/78922431/842ca0907fcf57b7.jpg,e38c0023ca4222daf25484a1ef0ac5118785eff8a3378be2604d0b5122924339
suumo,78922431,https://suumo.jp/ms/chuko/tokyo/sc_minato/nc_78922431/,https://suumo.jp/front/gazo/bukken/030/N010000/img/431/78922431/78922431_0036.jpg,washroom,suumo_images_interior/78922431/4dc3c44b35bb5d66.jpg,052feb8060d0d244cab5b47567ec94f096976348358342494b4635c09dac31a8
suumo,78922431,https://suumo.jp/ms/chuko/tokyo/sc_minato/nc_78922431/,https://suumo.jp/front/gazo/bukken/030/N010000/img/431/78922431/78922431_0037.jpg,washroom,suumo_images_interior/78922431/8d04151e2a64eaa6.jpg,0ed0f04ed227001fe66b1b16bb92d9cc6de185044f75632be8e21f033ab64406
suumo,79000038,https://suumo.jp/ms/chuko/tokyo/sc_minato/nc_79000038/,https://suumo.jp/front/gazo/bukken/030/N010000/img/038/79000038/79000038_0001.jpg,living,suumo_images_interior/79000038/339a2a65128ab6f6.jpg,a7293d63138ddf1e1936fa6300c1f7ea9b693ac44843a3072b7082634ef7af70
