source,source_id,url,price_man_yen,layout,area_sqm,year_built,floor_number,floors_total,address,nearest_station,walk_minutes,interior_image_count
suumo,20037131,https://suumo.jp/ms/chuko/chiba/sc_ichikawa/nc_20037131/,2980,2LDK,,2008,1,6,千葉県市川市宮久保３,京成八幡駅,20,0
suumo,20119720,https://suumo.jp/ms/chuko/chiba/sc_ichikawa/nc_20119720/,3799,3LDK,,2000,3,6,千葉県市川市広尾１-10-10,南行徳駅,17,13
suumo,20143796,https://suumo.jp/ms/chuko/chiba/sc_ichikawa/nc_20143796/,3799,3LDK,,2000,3,6,千葉県市川市広尾１,南行徳駅,17,14
suumo,78933829,https://suumo.jp/ms/chuko/chiba/sc_ichikawa/nc_78933829/,2688,4LDK,,1974,4,5,千葉県市川市高谷２-7-7,原木中山駅,8,13
suumo,79079065,https://suumo.jp/ms/chuko/chiba/sc_ichikawa/nc_79079065/,2480,2LDK,,1975,4,6,千葉県市川市宝２,行徳駅,17,2
suumo,79221868,https://suumo.jp/ms/chuko/chiba/sc_ichikawa/nc_79221868/,5298,3LDK,,2006,8,20,千葉県市川市島尻,浦安駅,18,12
suumo,20037257,https://suumo.jp/ms/chuko/chiba/sc_matsudo/nc_20037257/,2780,3LDK,,1988,13,13,千葉県松戸市新松戸３,新松戸駅,4,18
suumo,20062718,https://suumo.jp/ms/chuko/chiba/sc_matsudo/nc_20062718/,2290,3LDK,,1979,6,10,千葉県松戸市新松戸北１,幸谷駅,8,2
suumo,20085022,https://suumo.jp/ms/chuko/chiba/sc_matsudo/nc_20085022/,2380,2LDK,,1989,6,8,千葉県松戸市根木内,北小金駅,18,3
suumo,20155212,https://suumo.jp/ms/chuko/chiba/sc_matsudo/nc_20155212/,1980,2LDK,,1981,4,7,千葉県松戸市小金きよしケ丘１,北小金駅,3,17
suumo,20266316,https://suumo.jp/ms/chuko/chiba/sc_matsudo/nc_20266316/,2880,4LDK,,1979,6,10,千葉県松戸市新松戸６,新松戸駅,17,8
suumo,78457085,https://suumo.jp/ms/chuko/chiba/sc_matsudo/nc_78457085/,3480,2LDK,,1997,2,8,千葉県松戸市上本郷,北松戸駅,5,9
suumo,79036397,https://suumo.jp/ms/chuko/chiba/sc_matsudo/nc_79036397/,3990,3LDK,,2007,4,5,千葉県松戸市秋山３,東松戸駅,12,14
suumo,79204680,https://suumo.jp/ms/chuko/chiba/sc_matsudo/nc_79204680/,1590,3LDK,,1974,7,7,千葉県松戸市六高台４,六実駅,11,15
suumo,20012624,https://suumo.jp/ms/chuko/chiba/sc_urayasu/nc_20012624/,4890,3LDK,,2000,3,9,千葉県浦安市北栄４-8-17,浦安駅,18,16
suumo,20322446,https://suumo.jp/ms/chuko/kanagawa/sc_kawasakishikawasaki/nc_20322446/,6880,3LDK,,2000,5,15,神奈川県川崎市川崎区本町２,京急川崎駅,13,16
suumo,79089747,https://suumo.jp/ms/chuko/kanagawa/sc_kawasakishikawasaki/nc_79089747/,3480,3LDK,,1995,3,1,神奈川県川崎市川崎区浜町２,小田栄駅,19,15
suumo,79225714,https://suumo.jp/ms/chuko/kanagawa/sc_kawasakishikawasaki/nc_79225714/,3790,3LDK,,1989,5,7,神奈川県川崎市川崎区京町２,川崎新町駅,7,0
suumo,20206228,https://suumo.jp/ms/chuko/kanagawa/sc_kawasakishinakahara/nc_20206228/,5480,3LDK,,2000,2,6,神奈川県川崎市中原区上小田中２,武蔵新城駅,10,13
suumo,78648646,https://suumo.jp/ms/chuko/kanagawa/sc_kawasakishinakahara/nc_78648646/,3999,3LDK,,1979,2,5,神奈川県川崎市中原区上小田中６,武蔵中原駅,9,14
suumo,20070420,https://suumo.jp/ms/chuko/kanagawa/sc_kawasakishitama/nc_20070420/,1490,2LDK,,1979,3,5,神奈川県川崎市多摩区東三田３,生田駅,17,15
suumo,20191278,https://suumo.jp/ms/chuko/kanagawa/sc_kawasakishitama/nc_20191278/,3890,3LDK,63.48,1997,4,6,神奈川県川崎市多摩区菅６,矢野口駅,5,12
suumo,78385692,https://suumo.jp/ms/chuko/kanagawa/sc_kawasakishitama/nc_78385692/,4299,4LDK,,1995,4,4,神奈川県川崎市多摩区宿河原５,宿河原駅,9,18
suumo,78764342,https://suumo.jp/ms/chuko/kanagawa/sc_kawasakishitama/nc_78764342/,1990,1LDK,,1980,1,3,神奈川県川崎市多摩区宿河原６,久地駅,7,11
suumo,78941675,https://suumo.jp/ms/chuko/kanagawa/sc_kawasakishitama/nc_78941675/,3390,3LDK,,1974,4,7,神奈川県川崎市多摩区堰１,久地駅,11,13
suumo,20193030,https://suumo.jp/ms/chuko/saitama/sc_asaka/nc_20193030/,4980,3LDK,,2023,5,8,埼玉県朝霞市幸町３,朝霞駅,18,10
suumo,20336868,https://suumo.jp/ms/chuko/saitama/sc_asaka/nc_20336868/,1350,3LDK,,1975,5,5,埼玉県朝霞市田島２,,,2
suumo,20005311,https://suumo.jp/ms/chuko/saitama/sc_kawaguchi/nc_20005311/,6088,3LDK,,2019,6,15,埼玉県川口市並木２,西川口駅,2,13
suumo,20089732,https://suumo.jp/ms/chuko/saitama/sc_kawaguchi/nc_20089732/,2598,2LDK,,1975,5,9,埼玉県川口市並木１,西川口駅,12,22
suumo,20134084,https://suumo.jp/ms/chuko/saitama/sc_kawaguchi/nc_20134084/,4380,3LDK,,2006,4,8,埼玉県川口市末広１,川口元郷駅,8,17
suumo,20165427,https://suumo.jp/ms/chuko/saitama/sc_kawaguchi/nc_20165427/,3280,3LDK,,1980,2,5,埼玉県川口市飯塚１,川口駅,7,5
suumo,20195620,https://suumo.jp/ms/chuko/saitama/sc_kawaguchi/nc_20195620/,3280,3LDK,,1980,2,5,埼玉県川口市飯塚１,川口駅,7,0
suumo,20277014,https://suumo.jp/ms/chuko/saitama/sc_kawaguchi/nc_20277014/,5580,3LDK,,2007,2,8,埼玉県川口市大字小谷場510-1,南浦和駅,12,19
suumo,20296576,https://suumo.jp/ms/chuko/saitama/sc_kawaguchi/nc_20296576/,8700,5LDK,,2001,11,14,埼玉県川口市栄町３-１２－１１,川口駅,8,4
suumo,75990116,https://suumo.jp/ms/chuko/saitama/sc_kawaguchi/nc_75990116/,3480,3LDK,,2006,3,15,埼玉県川口市鳩ヶ谷本町１,鳩ヶ谷駅,4,0
suumo,78806251,https://suumo.jp/ms/chuko/saitama/sc_kawaguchi/nc_78806251/,6999,3LDK,,2001,3,20,埼玉県川口市飯塚２,川口駅,5,5
suumo,78902879,https://suumo.jp/ms/chuko/saitama/sc_kawaguchi/nc_78902879/,3390,3LDK,,1986,5,7,埼玉県川口市元郷１-6-23,川口元郷駅,6,18
suumo,79048616,https://suumo.jp/ms/chuko/saitama/sc_kawaguchi/nc_79048616/,3480,2LDK,,2000,2,8,埼玉県川口市中青木５-2-32,西川口駅,14,18
suumo,79108223,https://suumo.jp/ms/chuko/saitama/sc_kawaguchi/nc_79108223/,2380,3LDK,,1988,2,6,埼玉県川口市東川口６-13-27,東川口駅,11,15
suumo,79194020,https://suumo.jp/ms/chuko/saitama/sc_kawaguchi/nc_79194020/,6299,1LDK,,2013,4,10,埼玉県川口市金山町,川口駅,9,2
suumo,78435359,https://suumo.jp/ms/chuko/saitama/sc_misato/nc_78435359/,1080,2LDK,,1974,3,5,埼玉県三郷市彦成３-8-5,吉川美南駅,26,13
suumo,20245657,https://suumo.jp/ms/chuko/saitama/sc_niiza/nc_20245657/,2890,3LDK,,1987,6,10,埼玉県新座市野火止７,志木駅,22,0
suumo,20356470,https://suumo.jp/ms/chuko/saitama/sc_niiza/nc_20356470/,2590,3LDK,,1995,3,12,埼玉県新座市畑中１,,,0
suumo,78016629,https://suumo.jp/ms/chuko/saitama/sc_soka/nc_78016629/,3680,4LDK,,1989,3,7,埼玉県草加市氷川町,草加駅,10,11
suumo,20107693,https://suumo.jp/ms/chuko/saitama/sc_toda/nc_20107693/,4490,3LDK,,1996,5,14,埼玉県戸田市下前２,戸田公園駅,15,16
suumo,20229328,https://suumo.jp/ms/chuko/saitama/sc_toda/nc_20229328/,1599,2LDK,,1979,3,10,埼玉県戸田市美女木１,武蔵浦和駅,32,18
suumo,20003050,https://suumo.jp/ms/chuko/tokyo/sc_adachi/nc_20003050/,3750,1LDK,,2023,2,8,東京都足立区谷在家２,西新井大師西駅,5,36
suumo,20007605,https://suumo.jp/ms/chuko/tokyo/sc_adachi/nc_20007605/,3998,3LDK,,1998,1,8,東京都足立区東和５,北綾瀬駅,12,7
suumo,20007606,https://suumo.jp/ms/chuko/tokyo/sc_adachi/nc_20007606/,4080,2LDK,,2008,1,6,東京都足立区中川１,亀有駅,11,28
suumo,20016965,https://suumo.jp/ms/chuko/tokyo/sc_adachi/nc_20016965/,3180,1LDK,45.0,1975,7,9,東京都足立区千住曙町,京成関屋駅,1,28
suumo,20019107,https://suumo.jp/ms/chuko/tokyo/sc_adachi/nc_20019107/,3799,3LDK,,1994,6,6,東京都足立区綾瀬５,綾瀬駅,10,37
suumo,20022035,https://suumo.jp/ms/chuko/tokyo/sc_adachi/nc_20022035/,3580,3LDK,,2002,1,10,東京都足立区島根２,西新井駅,18,41
suumo,20031008,https://suumo.jp/ms/chuko/tokyo/sc_adachi/nc_20031008/,2400,3LDK,,1977,12,14,東京都足立区大谷田２,北綾瀬駅,22,39
suumo,20031019,https://suumo.jp/ms/chuko/tokyo/sc_adachi/nc_20031019/,3190,1LDK,,2018,8,11,東京都足立区谷在家１,谷在家駅,4,47
suumo,20040373,https://suumo.jp/ms/chuko/tokyo/sc_adachi/nc_20040373/,2790,1LDK,,2019,2,9,東京都足立区入谷２,舎人駅,12,46
suumo,20060885,https://suumo.jp/ms/chuko/tokyo/sc_adachi/nc_20060885/,4780,2LDK,,2000,1,5,東京都足立区綾瀬１,綾瀬駅,8,33
suumo,20062815,https://suumo.jp/ms/chuko/tokyo/sc_adachi/nc_20062815/,3690,3LDK,,1993,2,9,東京都足立区西保木間２,竹ノ塚駅,15,31
suumo,20071087,https://suumo.jp/ms/chuko/tokyo/sc_adachi/nc_20071087/,2180,2LDK,,1988,5,14,東京都足立区辰沼２,,,53
suumo,20092259,https://suumo.jp/ms/chuko/tokyo/sc_adachi/nc_20092259/,3199,3LDK,,1995,1,8,東京都足立区西新井５,大師前駅,11,45
suumo,20101205,https://suumo.jp/ms/chuko/tokyo/sc_adachi/nc_20101205/,1480,1K,,1988,4,4,東京都足立区栗原２,西新井駅,10,0
suumo,20102115,https://suumo.jp/ms/chuko/tokyo/sc_adachi/nc_20102115/,4200,2DK,,1985,5,8,東京都足立区綾瀬５,綾瀬駅,7,37
suumo,20112549,https://suumo.jp/ms/chuko/tokyo/sc_adachi/nc_20112549/,2698,2LDK,,1985,1,5,東京都足立区栗原４,西新井駅,14,44
suumo,20115178,https://suumo.jp/ms/chuko/tokyo/sc_adachi/nc_20115178/,2999,3LDK,,1978,3,13,東京都足立区中央本町１,梅島駅,10,52
suumo,20115854,https://suumo.jp/ms/chuko/tokyo/sc_adachi/nc_20115854/,2590,1LDK,,1976,3,11,東京都足立区中央本町３,五反野駅,11,45
suumo,20120734,https://suumo.jp/ms/chuko/tokyo/sc_adachi/nc_20120734/,3498,3LDK,,1997,8,1,東京都足立区東伊興３,竹ノ塚駅,11,7
suumo,20147384,https://suumo.jp/ms/chuko/tokyo/sc_adachi/nc_20147384/,3080,2LDK,,1995,5,6,東京都足立区花畑５,谷塚駅,12,47
suumo,20157241,https://suumo.jp/ms/chuko/tokyo/sc_adachi/nc_20157241/,4480,3LDK,,2011,5,13,東京都足立区西保木間１,竹ノ塚駅,15,55
suumo,20162716,https://suumo.jp/ms/chuko/tokyo/sc_adachi/nc_20162716/,3680,2LDK,,1993,3,5,東京都足立区中川１-14-5,亀有駅,12,33
suumo,20179214,https://suumo.jp/ms/chuko/tokyo/sc_adachi/nc_20179214/,2980,3LDK,,1979,1,6,東京都足立区江北４-29-12,江北駅,4,50
suumo,20191033,https://suumo.jp/ms/chuko/tokyo/sc_adachi/nc_20191033/,4980,3LDK,,1985,4,11,東京都足立区千住橋戸町,千住大橋駅,6,41
suumo,20193280,https://suumo.jp/ms/chuko/tokyo/sc_adachi/nc_20193280/,2899,2LDK,,1996,7,7,東京都足立区鹿浜６,西新井大師西駅,13,39
suumo,20194400,https://suumo.jp/ms/chuko/tokyo/sc_adachi/nc_20194400/,3280,2LDK,,1996,2,5,東京都足立区梅田５-24-1,梅島駅,9,5
suumo,20209274,https://suumo.jp/ms/chuko/tokyo/sc_adachi/nc_20209274/,2890,3LDK,,1988,4,11,東京都足立区一ツ家２,六町駅,15,40
suumo,20223754,https://suumo.jp/ms/chuko/tokyo/sc_adachi/nc_20223754/,2780,2LDK,,1983,9,11,東京都足立区小台１,足立小台駅,4,45
suumo,20224341,https://suumo.jp/ms/chuko/tokyo/sc_adachi/nc_20224341/,1798,1LDK,,1977,9,11,東京都足立区足立４,五反野駅,9,16
suumo,20253514,https://suumo.jp/ms/chuko/tokyo/sc_adachi/nc_20253514/,3498,2LDK,,1997,2,7,東京都足立区加平３,北綾瀬駅,8,35
suumo,20255474,https://suumo.jp/ms/chuko/tokyo/sc_adachi/nc_20255474/,3480,1LDK,,1997,4,11,東京都足立区千住仲町,千住大橋駅,7,1
suumo,20264121,https://suumo.jp/ms/chuko/tokyo/sc_adachi/nc_20264121/,2990,3LDK,,1991,2,7,東京都足立区大谷田２,北綾瀬駅,19,57
suumo,20271213,https://suumo.jp/ms/chuko/tokyo/sc_adachi/nc_20271213/,3198,2LDK,,1995,1,7,東京都足立区大谷田５,北綾瀬駅,17,7
suumo,20274727,https://suumo.jp/ms/chuko/tokyo/sc_adachi/nc_20274727/,4099,3LDK,,1987,4,6,東京都足立区中央本町３,五反野駅,10,56
suumo,20277732,https://suumo.jp/ms/chuko/tokyo/sc_adachi/nc_20277732/,2390,2LDK,,1989,4,4,東京都足立区六月１,竹ノ塚駅,16,41
suumo,20278008,https://suumo.jp/ms/chuko/tokyo/sc_adachi/nc_20278008/,3290,3LDK,,1987,5,9,東京都足立区足立２,小菅駅,3,38
suumo,20288731,https://suumo.jp/ms/chuko/tokyo/sc_adachi/nc_20288731/,3880,3LDK,,2002,6,6,東京都足立区西保木間２,竹ノ塚駅,16,48
suumo,20289450,https://suumo.jp/ms/chuko/tokyo/sc_adachi/nc_20289450/,3280,3DK,,1988,3,5,東京都足立区六木１,北綾瀬駅,20,40
suumo,20290107,https://suumo.jp/ms/chuko/tokyo/sc_adachi/nc_20290107/,4750,2LDK,,2007,4,11,東京都足立区梅島１,梅島駅,7,39
suumo,20293487,https://suumo.jp/ms/chuko/tokyo/sc_adachi/nc_20293487/,2980,3LDK,,1992,4,14,東京都足立区西保木間３,竹ノ塚駅,23,37
suumo,20309660,https://suumo.jp/ms/chuko/tokyo/sc_adachi/nc_20309660/,2898,2LDK,,1983,2,4,東京都足立区綾瀬６,北綾瀬駅,10,45
suumo,20319393,https://suumo.jp/ms/chuko/tokyo/sc_adachi/nc_20319393/,4290,3LDK,,1987,6,8,東京都足立区綾瀬６,綾瀬駅,12,51
suumo,20320218,https://suumo.jp/ms/chuko/tokyo/sc_adachi/nc_20320218/,3990,2LDK,,1992,2,13,東京都足立区千住河原町,千住大橋駅,3,71
suumo,20321207,https://suumo.jp/ms/chuko/tokyo/sc_adachi/nc_20321207/,2399,1LDK,,1990,2,5,東京都足立区西綾瀬１,小菅駅,5,26
suumo,20324263,https://suumo.jp/ms/chuko/tokyo/sc_adachi/nc_20324263/,4180,3LDK,,1980,3,14,東京都足立区千住関屋町17-15,北千住駅,14,55
suumo,20327528,https://suumo.jp/ms/chuko/tokyo/sc_adachi/nc_20327528/,3980,4LDK,,1989,4,7,東京都足立区西保木間２,竹ノ塚駅,14,30
suumo,20331076,https://suumo.jp/ms/chuko/tokyo/sc_adachi/nc_20331076/,2398,2LDK,,1983,4,8,東京都足立区保木間１,竹ノ塚駅,20,33
suumo,20332918,https://suumo.jp/ms/chuko/tokyo/sc_adachi/nc_20332918/,1580,1DK,,1976,6,9,東京都足立区東和５,北綾瀬駅,12,39
suumo,20333913,https://suumo.jp/ms/chuko/tokyo/sc_adachi/nc_20333913/,4290,3LDK,,1977,9,9,東京都足立区綾瀬２,綾瀬駅,4,40
suumo,20336487,https://suumo.jp/ms/chuko/tokyo/sc_adachi/nc_20336487/,3480,3LDK,,1995,3,6,東京都足立区江北６,西新井大師西駅,6,30
suumo,20340216,https://suumo.jp/ms/chuko/tokyo/sc_adachi/nc_20340216/,2400,3LDK,,1991,7,10,東京都足立区小台１,足立小台駅,8,12
suumo,20340904,https://suumo.jp/ms/chuko/tokyo/sc_adachi/nc_20340904/,4380,2LDK,,1985,7,8,東京都足立区東和５,北綾瀬駅,9,26
suumo,20341785,https://suumo.jp/ms/chuko/tokyo/sc_adachi/nc_20341785/,3980,3LDK,,1982,11,12,東京都足立区梅田７,梅島駅,6,40
suumo,20344541,https://suumo.jp/ms/chuko/tokyo/sc_adachi/nc_20344541/,2680,1DK,,1989,2,3,東京都足立区綾瀬６,綾瀬駅,14,38
suumo,20344616,https://suumo.jp/ms/chuko/tokyo/sc_adachi/nc_20344616/,2380,2LDK,,1974,3,8,東京都足立区梅田７-22-9,梅島駅,7,39
suumo,20349122,https://suumo.jp/ms/chuko/tokyo/sc_adachi/nc_20349122/,3980,3LDK,,1988,11,12,東京都足立区大谷田３,北綾瀬駅,12,28
suumo,20353890,https://suumo.jp/ms/chuko/tokyo/sc_adachi/nc_20353890/,3480,3LDK,,1988,6,12,東京都足立区大谷田３-12-23,北綾瀬駅,12,58
suumo,20355302,https://suumo.jp/ms/chuko/tokyo/sc_adachi/nc_20355302/,4499,4LDK,86.3,2003,1,12,東京都足立区新田２-9-22,王子神谷駅,13,50
suumo,20355910,https://suumo.jp/ms/chuko/tokyo/sc_adachi/nc_20355910/,4680,1LDK,,1996,8,1,東京都足立区綾瀬３,綾瀬駅,3,25
suumo,78051849,https://suumo.jp/ms/chuko/tokyo/sc_adachi/nc_78051849/,4799,2LDK,,2000,3,1,東京都足立区千住曙町,堀切駅,2,41
suumo,78066270,https://suumo.jp/ms/chuko/tokyo/sc_adachi/nc_78066270/,2699,2LDK,,1985,4,6,東京都足立区綾瀬７,北綾瀬駅,10,42
suumo,78099230,https://suumo.jp/ms/chuko/tokyo/sc_adachi/nc_78099230/,3599,2LDK,,1991,9,9,東京都足立区梅島２-20-9,梅島駅,7,22
suumo,78265621,https://suumo.jp/ms/chuko/tokyo/sc_adachi/nc_78265621/,4980,4LDK,,2007,2,15,東京都足立区新田３-29-1,王子神谷駅,18,17
suumo,78322402,https://suumo.jp/ms/chuko/tokyo/sc_adachi/nc_78322402/,3180,3LDK,,1997,4,11,東京都足立区西新井２,大師前駅,13,40
suumo,78385243,https://suumo.jp/ms/chuko/tokyo/sc_adachi/nc_78385243/,1700,2DK,,1985,1,5,東京都足立区青井１-16-9,青井駅,10,24
suumo,78385251,https://suumo.jp/ms/chuko/tokyo/sc_adachi/nc_78385251/,2790,1LDK,,2019,2,9,東京都足立区入谷２-23-8,舎人駅,12,23
suumo,78431744,https://suumo.jp/ms/chuko/tokyo/sc_adachi/nc_78431744/,4799,2LDK,,2000,3,1,東京都足立区千住曙町,堀切駅,2,49
suumo,78562693,https://suumo.jp/ms/chuko/tokyo/sc_adachi/nc_78562693/,2580,1LDK,,1989,4,4,東京都足立区六月１-36-20,竹ノ塚駅,14,39
suumo,78725449,https://suumo.jp/ms/chuko/tokyo/sc_adachi/nc_78725449/,3880,3LDK,,1980,5,11,東京都足立区扇３,江北駅,4,47
suumo,78771212,https://suumo.jp/ms/chuko/tokyo/sc_adachi/nc_78771212/,4790,3LDK,,2012,3,9,東京都足立区綾瀬６,綾瀬駅,16,32
suumo,78773318,https://suumo.jp/ms/chuko/tokyo/sc_adachi/nc_78773318/,2480,3LDK,,1977,7,8,東京都足立区中川４,亀有駅,14,33
suumo,78999389,https://suumo.jp/ms/chuko/tokyo/sc_adachi/nc_78999389/,3595,3LDK,,1995,1,7,東京都足立区島根２,西新井駅,17,49
suumo,79006715,https://suumo.jp/ms/chuko/tokyo/sc_adachi/nc_79006715/,4190,2LDK,,2020,3,7,東京都足立区新田１,王子神谷駅,15,74
suumo,79012035,https://suumo.jp/ms/chuko/tokyo/sc_adachi/nc_79012035/,3600,4DK,69.8,1985,4,4,東京都足立区谷中１,北綾瀬駅,7,37
suumo,79037314,https://suumo.jp/ms/chuko/tokyo/sc_adachi/nc_79037314/,4280,3LDK,,1980,3,14,東京都足立区千住関屋町,北千住駅,14,43
suumo,79044265,https://suumo.jp/ms/chuko/tokyo/sc_adachi/nc_79044265/,2600,2DK,,1983,10,11,東京都足立区小台１,足立小台駅,4,40
suumo,79077041,https://suumo.jp/ms/chuko/tokyo/sc_adachi/nc_79077041/,3180,2LDK,,1983,2,5,東京都足立区東和５,北綾瀬駅,9,28
suumo,79113478,https://suumo.jp/ms/chuko/tokyo/sc_adachi/nc_79113478/,4280,3LDK,,2008,6,8,東京都足立区北加平町21-6,北綾瀬駅,15,0
suumo,79161644,https://suumo.jp/ms/chuko/tokyo/sc_adachi/nc_79161644/,3199,3LDK,,1995,1,8,東京都足立区西新井５,大師前駅,11,45
suumo,79188812,https://suumo.jp/ms/chuko/tokyo/sc_adachi/nc_79188812/,4980,3LDK,,1998,2,8,東京都足立区綾瀬１-1-8,綾瀬駅,9,30
suumo,79189086,https://suumo.jp/ms/chuko/tokyo/sc_adachi/nc_79189086/,3580,3LDK,,2015,3,3,東京都足立区六月１,竹ノ塚駅,18,40
suumo,79212032,https://suumo.jp/ms/chuko/tokyo/sc_adachi/nc_79212032/,3199,3LDK,,1995,1,8,東京都足立区西新井５,大師前駅,11,59
suumo,79228643,https://suumo.jp/ms/chuko/tokyo/sc_adachi/nc_79228643/,4350,2LDK,,2000,3,7,東京都足立区足立３-3-1,五反野駅,5,1
suumo,79228659,https://suumo.jp/ms/chuko/tokyo/sc_adachi/nc_79228659/,3199,3LDK,,1995,1,8,東京都足立区西新井５-16-14,大師前駅,11,40
suumo,20038972,https://suumo.jp/ms/chuko/tokyo/sc_arakawa/nc_20038972/,4180,3LDK,,1980,6,11,東京都荒川区西尾久４,田端駅,15,50
suumo,20060456,https://suumo.jp/ms/chuko/tokyo/sc_arakawa/nc_20060456/,11990,2LDK,,2008,23,2,東京都荒川区西日暮里２,日暮里駅,2,19
suumo,20095909,https://suumo.jp/ms/chuko/tokyo/sc_arakawa/nc_20095909/,4200,2LDK,,1988,1,1,東京都荒川区東尾久１-29-7,赤土小学校前駅,5,55
suumo,20120093,https://suumo.jp/ms/chuko/tokyo/sc_arakawa/nc_20120093/,3780,3LDK,50.0,1983,2,9,東京都荒川区町屋６-36-2,町屋駅,16,9
suumo,20147681,https://suumo.jp/ms/chuko/tokyo/sc_arakawa/nc_20147681/,3580,2DK,,1983,5,6,東京都荒川区荒川５,町屋駅,4,42
suumo,20179703,https://suumo.jp/ms/chuko/tokyo/sc_arakawa/nc_20179703/,6980,2LDK,,2011,3,11,東京都荒川区西日暮里１,西日暮里駅,7,18
suumo,20201559,https://suumo.jp/ms/chuko/tokyo/sc_arakawa/nc_20201559/,4199,1LDK,,1992,11,12,東京都荒川区南千住５-43-13,南千住駅,5,43
suumo,20201560,https://suumo.jp/ms/chuko/tokyo/sc_arakawa/nc_20201560/,3380,1LDK,,1980,4,9,東京都荒川区荒川７-39-4,町屋駅,1,37
suumo,20315917,https://suumo.jp/ms/chuko/tokyo/sc_arakawa/nc_20315917/,4898,2LDK,,1985,3,13,東京都荒川区荒川１-４４-６,三ノ輪駅,8,32
suumo,20347655,https://suumo.jp/ms/chuko/tokyo/sc_arakawa/nc_20347655/,3190,1LDK,,1978,12,12,東京都荒川区南千住５,三ノ輪駅,6,35
suumo,20348479,https://suumo.jp/ms/chuko/tokyo/sc_arakawa/nc_20348479/,2888,3LDK,,1997,6,14,東京都荒川区荒川８,町屋駅,13,47
suumo,78922486,https://suumo.jp/ms/chuko/tokyo/sc_arakawa/nc_78922486/,4800,1LDK,,2023,3,5,東京都荒川区町屋６,町屋駅,14,47
suumo,78927356,https://suumo.jp/ms/chuko/tokyo/sc_arakawa/nc_78927356/,4290,3LDK,,1980,4,10,東京都荒川区南千住２,南千住駅,4,53
suumo,78943469,https://suumo.jp/ms/chuko/tokyo/sc_arakawa/nc_78943469/,3990,1LDK,,2009,6,12,東京都荒川区南千住２,南千住駅,8,42
suumo,78973822,https://suumo.jp/ms/chuko/tokyo/sc_arakawa/nc_78973822/,4280,2LDK,,1980,2,11,東京都荒川区西日暮里２-39－7,日暮里駅,4,33
suumo,79035237,https://suumo.jp/ms/chuko/tokyo/sc_arakawa/nc_79035237/,4290,３LDK,,1980,4,10,東京都荒川区南千住２,南千住駅,4,64
suumo,79069986,https://suumo.jp/ms/chuko/tokyo/sc_arakawa/nc_79069986/,3380,1DK,,1990,3,5,東京都荒川区西日暮里１,三河島駅,4,54
suumo,79084368,https://suumo.jp/ms/chuko/tokyo/sc_arakawa/nc_79084368/,2980,2DK,,1987,1,4,東京都荒川区荒川５-29-8,新三河島駅,3,9
suumo,79085036,https://suumo.jp/ms/chuko/tokyo/sc_arakawa/nc_79085036/,4780,ワンルーム,,1992,9,1,東京都荒川区東日暮里５,日暮里駅,4,36
suumo,79229296,https://suumo.jp/ms/chuko/tokyo/sc_arakawa/nc_79229296/,4540,3LDK,,1985,8,11,東京都荒川区西尾久８,尾久駅,10,52
suumo,20045066,https://suumo.jp/ms/chuko/tokyo/sc_bunkyo/nc_20045066/,4299,ワンルーム,,1985,3,1,東京都文京区音羽１-15-15,護国寺駅,3,13
suumo,20087203,https://suumo.jp/ms/chuko/tokyo/sc_bunkyo/nc_20087203/,4299,1DK,,1985,3,1,東京都文京区音羽１,護国寺駅,3,48
suumo,20172924,https://suumo.jp/ms/chuko/tokyo/sc_bunkyo/nc_20172924/,4598,1DK,,1983,4,7,東京都文京区本郷２,本郷三丁目駅,3,6
suumo,20217763,https://suumo.jp/ms/chuko/tokyo/sc_bunkyo/nc_20217763/,4520,2DK,,1979,7,9,東京都文京区本駒込４-37-7,田端駅,11,0
suumo,20249365,https://suumo.jp/ms/chuko/tokyo/sc_bunkyo/nc_20249365/,4699,ワンルーム,,1985,7,12,東京都文京区白山１,春日駅,7,26
suumo,20265119,https://suumo.jp/ms/chuko/tokyo/sc_bunkyo/nc_20265119/,4780,1LDK,,1971,4,1,東京都文京区本郷３,本郷三丁目駅,5,13
suumo,20322092,https://suumo.jp/ms/chuko/tokyo/sc_bunkyo/nc_20322092/,4250,1LDK,,1978,3,11,東京都文京区目白台２-9-15,雑司が谷駅,8,26
suumo,20345392,https://suumo.jp/ms/chuko/tokyo/sc_bunkyo/nc_20345392/,3698,1DK,,1982,3,6,東京都文京区小石川２-6-19,後楽園駅,5,41
suumo,20353971,https://suumo.jp/ms/chuko/tokyo/sc_bunkyo/nc_20353971/,4499,2LDK,,1971,3,8,東京都文京区湯島１-9-10,御茶ノ水駅,5,59
suumo,78151350,https://suumo.jp/ms/chuko/tokyo/sc_bunkyo/nc_78151350/,1800,1DK,,1977,5,5,東京都文京区小石川５,茗荷谷駅,9,21
suumo,78607812,https://suumo.jp/ms/chuko/tokyo/sc_bunkyo/nc_78607812/,3099,1LDK,,1976,8,9,東京都文京区音羽１-21-9,護国寺駅,5,16
suumo,78726281,https://suumo.jp/ms/chuko/tokyo/sc_bunkyo/nc_78726281/,4150,1LDK,,1970,6,12,東京都文京区千駄木３-1-17,千駄木駅,2,29
suumo,78794359,https://suumo.jp/ms/chuko/tokyo/sc_bunkyo/nc_78794359/,4199,1LDK,,1978,6,8,東京都文京区春日２,飯田橋駅,8,52
suumo,79156735,https://suumo.jp/ms/chuko/tokyo/sc_bunkyo/nc_79156735/,4280,1LDK,,1978,3,1,東京都文京区千石１,千石駅,1,71
suumo,79202567,https://suumo.jp/ms/chuko/tokyo/sc_bunkyo/nc_79202567/,4980,2LDK,,1974,7,11,東京都文京区大塚４,新大塚駅,1,69
suumo,79229450,https://suumo.jp/ms/chuko/tokyo/sc_bunkyo/nc_79229450/,4499,2LDK,,1971,3,8,東京都文京区湯島１,御茶ノ水駅,5,61
suumo,20294137,https://suumo.jp/ms/chuko/tokyo/sc_chiyoda/nc_20294137/,3280,1K,,1982,7,8,東京都千代田区二番町11-9,麹町駅,2,27
suumo,78975896,https://suumo.jp/ms/chuko/tokyo/sc_chiyoda/nc_78975896/,13490,2LDK,,1998,10,12,東京都千代田区神田三崎町３,水道橋駅,3,5
suumo,20330740,https://suumo.jp/ms/chuko/tokyo/sc_chofu/nc_20330740/,3480,2LDK,,1973,7,1,東京都調布市小島町２,調布駅,5,0
suumo,20165524,https://suumo.jp/ms/chuko/tokyo/sc_chuo/nc_20165524/,9699,1LDK,40.5,2005,6,13,東京都中央区東日本橋３,東日本橋駅,2,0
suumo,20184196,https://suumo.jp/ms/chuko/tokyo/sc_chuo/nc_20184196/,4250,1LDK,42.74,1980,5,10,東京都中央区日本橋浜町１,浜町駅,4,38
suumo,20203594,https://suumo.jp/ms/chuko/tokyo/sc_chuo/nc_20203594/,21500,2LDK,,2013,46,2,東京都中央区晴海２,勝どき駅,11,0
suumo,20210818,https://suumo.jp/ms/chuko/tokyo/sc_chuo/nc_20210818/,4780,1LDK,,1978,6,10,東京都中央区新川１,茅場町駅,8,7
suumo,20271576,https://suumo.jp/ms/chuko/tokyo/sc_chuo/nc_20271576/,10500,2LDK,,2014,6,13,東京都中央区勝どき４,勝どき駅,2,16
suumo,20282276,https://suumo.jp/ms/chuko/tokyo/sc_chuo/nc_20282276/,5180,1LDK,,1983,2,9,東京都中央区日本橋小網町16-18,人形町駅,3,15
suumo,20316128,https://suumo.jp/ms/chuko/tokyo/sc_chuo/nc_20316128/,14990,2LDK,,1999,4,10,東京都中央区日本橋人形町２,人形町駅,3,5
suumo,20319892,https://suumo.jp/ms/chuko/tokyo/sc_chuo/nc_20319892/,4250,1LDK,,1980,5,1,東京都中央区日本橋浜町１-10-8,浜町駅,7,18
suumo,20329058,https://suumo.jp/ms/chuko/tokyo/sc_chuo/nc_20329058/,12990,2LDK,,2000,8,1,東京都中央区日本橋人形町２-12-5,人形町駅,2,0
suumo,20353941,https://suumo.jp/ms/chuko/tokyo/sc_chuo/nc_20353941/,3799,1LDK,,1980,3,8,東京都中央区日本橋堀留町１-6-3,人形町駅,4,62
suumo,76955051,https://suumo.jp/ms/chuko/tokyo/sc_chuo/nc_76955051/,3799,1LDK,,1980,3,8,東京都中央区日本橋堀留町１,人形町駅,4,33
suumo,77493063,https://suumo.jp/ms/chuko/tokyo/sc_chuo/nc_77493063/,31900,3LDK,,2023,46,3,東京都中央区勝どき４,勝どき駅,2,14
suumo,77656873,https://suumo.jp/ms/chuko/tokyo/sc_chuo/nc_77656873/,3799,1LDK,39.4,1980,3,8,東京都中央区日本橋堀留町１,人形町駅,4,47
suumo,78472210,https://suumo.jp/ms/chuko/tokyo/sc_chuo/nc_78472210/,11399,2LDK,,2002,7,1,東京都中央区佃２,月島駅,1,19
suumo,78501037,https://suumo.jp/ms/chuko/tokyo/sc_chuo/nc_78501037/,3680,1K,,2006,2,10,東京都中央区新川２,八丁堀駅,3,37
suumo,78666932,https://suumo.jp/ms/chuko/tokyo/sc_chuo/nc_78666932/,4250,1LDK,,1980,5,1,東京都中央区日本橋浜町１,浜町駅,4,43
suumo,78725525,https://suumo.jp/ms/chuko/tokyo/sc_chuo/nc_78725525/,4280,2DK,,1979,1,9,東京都中央区日本橋中洲,水天宮前駅,5,27
suumo,79006821,https://suumo.jp/ms/chuko/tokyo/sc_chuo/nc_79006821/,15800,2LDK,,2025,39,1,東京都中央区晴海５,晴海BRTターミナル駅,3,18
suumo,79191629,https://suumo.jp/ms/chuko/tokyo/sc_chuo/nc_79191629/,18800,2LDK,,2008,44,2,東京都中央区勝どき６,勝どき駅,7,16
suumo,20010556,https://suumo.jp/ms/chuko/tokyo/sc_edogawa/nc_20010556/,4799,4LDK,,1987,3,7,東京都江戸川区東小松川３,船堀駅,14,4
suumo,20036221,https://suumo.jp/ms/chuko/tokyo/sc_edogawa/nc_20036221/,4580,3LDK,,2009,2,7,東京都江戸川区松江４,船堀駅,16,37
suumo,20059710,https://suumo.jp/ms/chuko/tokyo/sc_edogawa/nc_20059710/,4280,2LDK,,1979,5,7,東京都江戸川区西葛西３,西葛西駅,5,1
